timestamp,adjusted_close
1999-12-31,
2000-01-03,
2000-01-04,
2000-01-05,
2000-01-06,
2000-01-07,
2000-01-10,
2000-01-11,
2000-01-12,
2000-01-13,
2000-01-14,
2000-01-18,
2000-01-19,
2000-01-20,
2000-01-21,
2000-01-24,
2000-01-25,
2000-01-26,
2000-01-27,
2000-01-28,
2000-01-31,
2000-02-01,
2000-02-02,
2000-02-03,
2000-02-04,
2000-02-07,
2000-02-08,
2000-02-09,
2000-02-10,
2000-02-11,
2000-02-14,
2000-02-15,
2000-02-16,
2000-02-17,
2000-02-18,
2000-02-22,
2000-02-23,
2000-02-24,
2000-02-25,
2000-02-28,
2000-02-29,
2000-03-01,
2000-03-02,
2000-03-03,
2000-03-06,
2000-03-07,
2000-03-08,
2000-03-09,
2000-03-10,
2000-03-13,
2000-03-14,
2000-03-15,
2000-03-16,
2000-03-17,
2000-03-20,
2000-03-21,
2000-03-22,
2000-03-23,
2000-03-24,
2000-03-27,
2000-03-28,
2000-03-29,-24.7793058659017
2000-03-30,61.021506287266
2000-03-31,-23.1461308424941
2000-04-03,35.7712764119581
2000-04-04,69.4384537911023
2000-04-05,8.41676371297604
2000-04-06,21.0419705460599
2000-04-07,-52.6048651015303
2000-04-10,90.480240546302
2000-04-11,29.4587342590362
2000-04-12,56.8132469580182
2000-04-13,27.354512698982
2000-04-14,-73.6468356475905
2000-04-17,162.022915897458
2000-04-18,-56.8132469580178
2000-04-19,-12.6251455694644
2000-04-20,4.2083818564879
2000-04-24,6.31254215292233
2000-04-25,-10.5209240094102
2000-04-26,
2000-04-27,4.2083818564879
2000-04-28,17.0765783528843
2000-05-01,-23.5190978295029
2000-05-02,-27.7952295249077
2000-05-03,-6.41438429549544
2000-05-04,-14.9666476863051
2000-05-05,8.55238789240184
2000-05-08,23.519035578707
2000-05-09,-17.1047757848037
2000-05-10,-27.7952917757038
2000-05-11,23.5190978295032
2000-05-12,14.9667721878973
2000-05-15,-34.2096760711995
2000-05-16,27.7952917757036
2000-05-17,-27.7952917757036
2000-05-18,42.7620639636009
2000-05-19,-6.41438429549544
2000-05-22,-84.8334874347097
2000-05-23,
2000-05-24,
2000-05-25,
2000-05-26,
2000-05-30,
2000-05-31,
2000-06-01,
2000-06-02,
2000-06-05,
2000-06-06,
2000-06-07,
2000-06-08,
2000-06-09,
2000-06-12,
2000-06-13,
2000-06-14,
2000-06-15,
2000-06-16,
2000-06-19,
2000-06-20,
2000-06-21,
2000-06-22,
2000-06-23,
2000-06-26,
2000-06-27,
2000-06-28,
2000-06-29,
2000-06-30,
2000-07-03,
2000-07-05,
2000-07-06,
2000-07-07,
2000-07-10,
2000-07-11,
2000-07-12,
2000-07-13,
2000-07-14,
2000-07-17,
2000-07-18,
2000-07-19,-42.1215126018026
2000-07-20,-2.13812476185558
2000-07-21,
2000-07-24,10.8627180464769
2000-07-25,17.4263743458662
2000-07-26,-19.6046330587185
2000-07-27,8.71315670862828
2000-07-28,-30.4960484801998
2000-07-31,15.2480547044047
2000-08-01,10.8914154214808
2000-08-02,-10.8914154214808
2000-08-03,159.333187737579
2000-08-04,-7.61607616868218
2000-08-07,3.80803808434098
2000-08-08,19.0401904217056
2000-08-09,
2000-08-10,
2000-08-11,-22.8482285060466
2000-08-14,-7.61607616868218
2000-08-15,-34.2723427590699
2000-08-16,-7.61607616868218
2000-08-17,-76.1607616868218
2000-08-18,41.8884189277521
2000-08-21,-30.4643046747287
2000-08-22,45.6964570120931
2000-08-23,-38.0803808434109
2000-08-24,22.8482285060466
2000-08-25,-7.61607616868218
2000-08-28,-87.584875939845
2000-08-29,-67.1205712651165
2000-08-30,
2000-08-31,
2000-09-01,
2000-09-05,
2000-09-06,
2000-09-07,
2000-09-08,
2000-09-11,
2000-09-12,
2000-09-13,
2000-09-14,
2000-09-15,
2000-09-18,
2000-09-19,
2000-09-20,
2000-09-21,
2000-09-22,
2000-09-25,
2000-09-26,
2000-09-27,
2000-09-28,
2000-09-29,
2000-10-02,
2000-10-03,
2000-10-04,
2000-10-05,
2000-10-06,
2000-10-09,
2000-10-10,
2000-10-11,
2000-10-12,
2000-10-13,
2000-10-16,
2000-10-17,
2000-10-18,
2000-10-19,
2000-10-20,
2000-10-23,
2000-10-24,
2000-10-25,
2000-10-26,
2000-10-27,
2000-10-30,
2000-10-31,
2000-11-01,
2000-11-02,
2000-11-03,
2000-11-06,
2000-11-07,
2000-11-08,
2000-11-09,
2000-11-10,
2000-11-13,
2000-11-14,
2000-11-15,
2000-11-16,
2000-11-17,
2000-11-20,
2000-11-21,
2000-11-22,
2000-11-24,
2000-11-27,
2000-11-28,
2000-11-29,
2000-11-30,
2000-12-01,
2000-12-04,
2000-12-05,
2000-12-06,
2000-12-07,
2000-12-08,
2000-12-11,
2000-12-12,
2000-12-13,
2000-12-14,
2000-12-15,
2000-12-18,
2000-12-19,
2000-12-20,
2000-12-21,
2000-12-22,
2000-12-26,
2000-12-27,
2000-12-28,
2000-12-29,
2001-01-02,
2001-01-03,
2001-01-04,
2001-01-05,
2001-01-08,
2001-01-09,
2001-01-10,
2001-01-11,
2001-01-12,
2001-01-16,
2001-01-17,
2001-01-18,
2001-01-19,
2001-01-22,
2001-01-23,
2001-01-24,
2001-01-25,-6.19674028575719
2001-01-26,14.8006117164225
2001-01-29,18.0723882036816
2001-01-30,0.623059014487353
2001-01-31,-6.85489552666559
2001-02-01,11.2173057219204
2001-02-02,-22.4346737622056
2001-02-05,27.4201429719483
2001-02-06,18.0722635669508
2001-02-07,-92.2311803802345
2001-02-08,46.7387738413354
2001-02-09,-67.9270179827404
2001-02-12,54.8400989888012
2001-02-13,7.47826613297889
2001-02-14,-3.73903958894175
2001-02-15,8.72450879868393
2001-02-16,-24.9273460487118
2001-02-20,6.85495784503064
2001-02-21,-1.86948863528823
2001-02-22,-10.5941220707027
2001-02-23,52.3474267022955
2001-02-26,15.5795912804449
2001-02-27,-10.5941220707027
2001-02-28,-38.6374486938687
2001-03-01,24.927346048712
2001-03-02,-9.34775476826712
2001-03-05,14.9564076292272
2001-03-06,46.1157148268476
2001-03-07,2.49267228650615
2001-03-08,79.144323704661
2001-03-09,-15.5795912804449
2001-03-12,9.34775476826667
2001-03-13,-25.5505296999299
2001-03-14,-71.6660575716819
2001-03-15,-5.60871517932537
2001-03-16,-10.5941220707027
2001-03-19,85.9992815496917
2001-03-20,-61.6951191521973
2001-03-21,-35.5214681194147
2001-03-22,-27.4201429719483
2001-03-23,5.60871517932515
2001-03-26,67.9270179827406
2001-03-27,-54.2169153375837
2001-03-28,-11.2173057219206
2001-03-29,24.2750384986141
2001-03-30,
2001-04-02,
2001-04-03,
2001-04-04,
2001-04-05,
2001-04-06,
2001-04-09,
2001-04-10,
2001-04-11,
2001-04-12,
2001-04-16,
2001-04-17,
2001-04-18,
2001-04-19,
2001-04-20,
2001-04-23,
2001-04-24,
2001-04-25,
2001-04-26,
2001-04-27,
2001-04-30,
2001-05-01,
2001-05-02,
2001-05-03,
2001-05-04,
2001-05-07,
2001-05-08,
2001-05-09,
2001-05-10,
2001-05-11,
2001-05-14,
2001-05-15,
2001-05-16,
2001-05-17,
2001-05-18,
2001-05-21,
2001-05-22,
2001-05-23,
2001-05-24,
2001-05-25,
2001-05-29,
2001-05-30,
2001-05-31,
2001-06-01,
2001-06-04,
2001-06-05,
2001-06-06,
2001-06-07,
2001-06-08,
2001-06-11,
2001-06-12,
2001-06-13,
2001-06-14,
2001-06-15,
2001-06-18,
2001-06-19,
2001-06-20,
2001-06-21,
2001-06-22,
2001-06-25,
2001-06-26,
2001-06-27,
2001-06-28,
2001-06-29,
2001-07-02,
2001-07-03,
2001-07-05,-18.2342455657956
2001-07-06,-47.2171645501039
2001-07-09,5.66605974601248
2001-07-10,23.9233004158334
2001-07-11,35.885045058079
2001-07-12,-3.77737316400817
2001-07-13,21.405114596047
2001-07-16,-37.7737316400833
2001-07-17,45.3284150118805
2001-07-18,-23.9233004158334
2001-07-19,18.8868028638221
2001-07-20,7.5548092842364
2001-07-23,-15.1094926560338
2001-07-24,-18.2573036260399
2001-07-25,16.9981792380372
2001-07-26,-25.8120499540566
2001-07-27,10.7025572980237
2001-07-30,-6.29562194001392
2001-07-31,19.5163650578234
2001-08-01,-8.91879540136074
2001-08-02,5.73359323792079
2001-08-03,-10.8301205605171
2001-08-06,-19.1120411663283
2001-08-07,6.3706591532457
2001-08-08,-24.2084410757416
2001-08-09,
2001-08-10,15.4825729063905
2001-08-13,
2001-08-14,
2001-08-15,
2001-08-16,
2001-08-17,
2001-08-20,
2001-08-21,
2001-08-22,
2001-08-23,
2001-08-24,
2001-08-27,
2001-08-28,
2001-08-29,
2001-08-30,
2001-08-31,
2001-09-04,
2001-09-05,
2001-09-06,
2001-09-07,
2001-09-10,
2001-09-17,
2001-09-18,
2001-09-19,
2001-09-20,
2001-09-21,
2001-09-24,
2001-09-25,
2001-09-26,
2001-09-27,
2001-09-28,
2001-10-01,
2001-10-02,
2001-10-03,
2001-10-04,
2001-10-05,
2001-10-08,
2001-10-09,
2001-10-10,
2001-10-11,
2001-10-12,
2001-10-15,
2001-10-16,
2001-10-17,
2001-10-18,
2001-10-19,
2001-10-22,
2001-10-23,0.830120560517116
2001-10-24,-51.6024665544714
2001-10-25,19.3050958115207
2001-10-26,
2001-10-29,
2001-10-30,
2001-10-31,
2001-11-01,
2001-11-02,
2001-11-05,
2001-11-06,
2001-11-07,
2001-11-08,
2001-11-09,
2001-11-12,
2001-11-13,
2001-11-14,
2001-11-15,
2001-11-16,
2001-11-19,
2001-11-20,
2001-11-21,
2001-11-23,-4.90539222794177
2001-11-26,45.0153823131216
2001-11-27,-18.64913886612
2001-11-28,-24.436951224882
2001-11-29,22.5076590027625
2001-11-30,43.7292303701065
2001-12-03,-73.3107893670485
2001-12-04,-3.85839152144786
2001-12-05,-61.0921529856143
2001-12-06,36.6553303759272
2001-12-07,-14.7908759598668
2001-12-10,-30.224506353255
2001-12-11,
2001-12-12,-0.643075971507642
2001-12-13,-30.8676466323593
2001-12-14,-4.50153180055258
2001-12-17,-80.7383568658241
2001-12-18,
2001-12-19,
2001-12-20,
2001-12-21,
2001-12-24,
2001-12-26,
2001-12-27,
2001-12-28,
2001-12-31,
2002-01-02,
2002-01-03,
2002-01-04,
2002-01-07,
2002-01-08,
2002-01-09,
2002-01-10,
2002-01-11,
2002-01-14,
2002-01-15,
2002-01-16,
2002-01-17,
2002-01-18,
2002-01-22,
2002-01-23,
2002-01-24,
2002-01-25,
2002-01-28,
2002-01-29,
2002-01-30,
2002-01-31,
2002-02-01,
2002-02-04,
2002-02-05,
2002-02-06,
2002-02-07,
2002-02-08,
2002-02-11,
2002-02-12,
2002-02-13,
2002-02-14,
2002-02-15,
2002-02-19,
2002-02-20,
2002-02-21,
2002-02-22,
2002-02-25,
2002-02-26,
2002-02-27,-30.7702534940904
2002-02-28,-27.1953327109875
2002-03-01,49.2106020484534
2002-03-04,34.3179198495794
2002-03-05,-27.8428406326777
2002-03-06,39.4979832231008
2002-03-07,36.2604436146498
2002-03-08,-6.47514396769407
2002-03-11,25.2529384475015
2002-03-12,-12.3027152629056
2002-03-13,6.47514396769384
2002-03-14,-12.9502231845956
2002-03-15,1.29501584338027
2002-03-18,9.06511090366257
2002-03-19,7.12258713859183
2002-03-20,-44.0305386749319
2002-03-21,12.9502231845956
2002-03-22,-1.94258851586255
2002-03-25,-40.1455558955834
2002-03-26,2.59009643755303
2002-03-27,0.647507921690249
2002-03-28,25.2528089459167
2002-04-01,-49.2106020484533
2002-04-02,-23.3102851808464
2002-04-03,-20.0727455723953
2002-04-04,-4.81993662647858
2002-04-05,
2002-04-08,
2002-04-09,
2002-04-10,
2002-04-11,
2002-04-12,
2002-04-15,
2002-04-16,
2002-04-17,
2002-04-18,
2002-04-19,
2002-04-22,
2002-04-23,
2002-04-24,
2002-04-25,
2002-04-26,
2002-04-29,
2002-04-30,
2002-05-01,-6.63321105865748
2002-05-02,-15.6379271653475
2002-05-03,-0.651580298556155
2002-05-06,-10.4252847768985
2002-05-07,-18.8958286581285
2002-05-08,23.4568907480216
2002-05-09,-3.90948179133693
2002-05-10,-7.1673832841177
2002-05-13,23.4569559060512
2002-05-14,19.5473437986545
2002-05-15,9.77363932031267
2002-05-16,-3.90941663330727
2002-05-17,9.12205902175674
2002-05-20,0.651645456585811
2002-05-21,55.3843253772727
2002-05-22,39.7464633699553
2002-05-23,-7.16744844214759
2002-05-24,-22.1537301509093
2002-05-28,-9.77370447834232
2002-05-29,9.1221241797864
2002-05-30,-9.1221241797864
2002-05-31,3.90948179133693
2002-06-03,-22.1537953089387
2002-06-04,-25.4115664856602
2002-06-05,1.95480605369835
2002-06-06,-13.031671129153
2002-06-07,-13.031671129153
2002-06-10,15.6380574814075
2002-06-11,1.95467573763858
2002-06-12,-9.12212417978617
2002-06-13,-13.0316059711231
2002-06-14,-38.4432376148129
2002-06-17,20.6243391901689
2002-06-18,
2002-06-19,
2002-06-20,
2002-06-21,
2002-06-24,
2002-06-25,
2002-06-26,
2002-06-27,
2002-06-28,
2002-07-01,
2002-07-02,
2002-07-03,
2002-07-05,
2002-07-08,
2002-07-09,
2002-07-10,
2002-07-11,
2002-07-12,
2002-07-15,
2002-07-16,
2002-07-17,
2002-07-18,
2002-07-19,
2002-07-22,
2002-07-23,
2002-07-24,
2002-07-25,
2002-07-26,
2002-07-29,
2002-07-30,
2002-07-31,
2002-08-01,
2002-08-02,
2002-08-05,
2002-08-06,
2002-08-07,
2002-08-08,
2002-08-09,
2002-08-12,
2002-08-13,
2002-08-14,
2002-08-15,
2002-08-16,
2002-08-19,
2002-08-20,
2002-08-21,
2002-08-22,
2002-08-23,
2002-08-26,
2002-08-27,
2002-08-28,
2002-08-29,
2002-08-30,
2002-09-03,
2002-09-04,
2002-09-05,
2002-09-06,
2002-09-09,
2002-09-10,
2002-09-11,
2002-09-12,
2002-09-13,
2002-09-16,
2002-09-17,
2002-09-18,
2002-09-19,
2002-09-20,
2002-09-23,
2002-09-24,
2002-09-25,
2002-09-26,
2002-09-27,
2002-09-30,
2002-10-01,
2002-10-02,
2002-10-03,
2002-10-04,
2002-10-07,
2002-10-08,
2002-10-09,
2002-10-10,
2002-10-11,
2002-10-14,
2002-10-15,
2002-10-16,
2002-10-17,
2002-10-18,
2002-10-21,
2002-10-22,
2002-10-23,
2002-10-24,
2002-10-25,
2002-10-28,
2002-10-29,
2002-10-30,
2002-10-31,
2002-11-01,
2002-11-04,-19.9676863992865
2002-11-05,12.5934225050493
2002-11-06,
2002-11-07,
2002-11-08,
2002-11-11,
2002-11-12,
2002-11-13,
2002-11-14,
2002-11-15,
2002-11-18,
2002-11-19,
2002-11-20,
2002-11-21,57.7302675151476
2002-11-22,-7.30963669280993
2002-11-25,44.5223325834795
2002-11-26,-3.98707455971464
2002-11-27,13.9547609590011
2002-11-29,23.2579349316685
2002-12-02,4.65158698633365
2002-12-03,-99.0123515662457
2002-12-04,12.6257361057629
2002-12-05,-8.63866154604841
2002-12-06,-9.3031739726672
2002-12-09,-28.5740343446214
2002-12-10,11.2967112525247
2002-12-11,3.98707455971453
2002-12-12,11.2967112525247
2002-12-13,-9.96768639928644
2002-12-16,15.9482982388583
2002-12-17,-3.98707455971442
2002-12-18,-11.2967112525248
2002-12-19,4.65158698633365
2002-12-20,
2002-12-23,-9.96768639928644
2002-12-24,-1.99353727985738
2002-12-26,2.62573610576283
2002-12-27,
2002-12-30,
2002-12-31,
2003-01-02,
2003-01-03,
2003-01-06,
2003-01-07,
2003-01-08,
2003-01-09,
2003-01-10,
2003-01-13,
2003-01-14,
2003-01-15,
2003-01-16,
2003-01-17,
2003-01-21,
2003-01-22,
2003-01-23,
2003-01-24,
2003-01-27,
2003-01-28,
2003-01-29,
2003-01-30,
2003-01-31,
2003-02-03,
2003-02-04,
2003-02-05,
2003-02-06,
2003-02-07,
2003-02-10,
2003-02-11,
2003-02-12,
2003-02-13,
2003-02-14,
2003-02-18,
2003-02-19,
2003-02-20,
2003-02-21,
2003-02-24,
2003-02-25,
2003-02-26,
2003-02-27,
2003-02-28,
2003-03-03,
2003-03-04,
2003-03-05,
2003-03-06,
2003-03-07,
2003-03-10,
2003-03-11,
2003-03-12,
2003-03-13,
2003-03-14,
2003-03-17,
2003-03-18,
2003-03-19,
2003-03-20,
2003-03-21,
2003-03-24,
2003-03-25,
2003-03-26,
2003-03-27,
2003-03-28,
2003-03-31,
2003-04-01,
2003-04-02,
2003-04-03,
2003-04-04,-17.3868239862927
2003-04-07,10.7444712527895
2003-04-08,-10.0729417994902
2003-04-09,2.68611781319748
2003-04-10,-2.68611781319748
2003-04-11,13.4305890659869
2003-04-14,26.1896486786744
2003-04-15,-9.40141234619091
2003-04-16,59.0945918903423
2003-04-17,12.0875301593881
2003-04-21,34.2480021182665
2003-04-22,26.8611781319737
2003-04-23,36.2625904781645
2003-04-24,-24.1750603187763
2003-04-25,-36.2625904781645
2003-04-28,13.4305890659869
2003-04-29,10.7444712527895
2003-04-30,5.4248015327197
2003-05-01,-21.6992061308782
2003-05-02,4.06860114953963
2003-05-05,0.678100191590033
2003-05-06,-1.35620038318007
2003-05-07,-2.03430057476976
2003-05-08,-5.42480153271958
2003-05-09,-2.03430057476976
2003-05-12,10.1715028738491
2003-05-13,6.78100191589942
2003-05-14,-8.13720229907938
2003-05-15,-4.06860114953952
2003-05-16,4.06860114953952
2003-05-19,-13.5620038317988
2003-05-20,-13.5620038317988
2003-05-21,3.39050095794971
2003-05-22,3.39050095794983
2003-05-23,-10.8496030654392
2003-05-27,39.3298111122167
2003-05-28,7.45910210748934
2003-05-29,-21.527703257029
2003-05-30,
2003-06-02,
2003-06-03,
2003-06-04,
2003-06-05,
2003-06-06,-31.7492061308783
2003-06-09,-12.883903640209
2003-06-10,32.5488091963173
2003-06-11,22.3773063224681
2003-06-12,-4.06860114953963
2003-06-13,-20.3430057476983
2003-06-16,17.6306049813385
2003-06-17,30.5145086215474
2003-06-18,-10.8496030654391
2003-06-19,-16.2744045981588
2003-06-20,16.2744045981588
2003-06-23,-14.9182042149787
2003-06-24,3.3905009579496
2003-06-25,-9.4934026822591
2003-06-26,1.35620038317984
2003-06-27,-13.5620038317988
2003-06-30,-2.71240076635979
2003-07-01,-11.527703257029
2003-07-02,3.39050095794971
2003-07-03,
2003-07-07,21.6992061308781
2003-07-08,-2.03430057476976
2003-07-09,-2.71240076635991
2003-07-10,0.678100191590033
2003-07-11,10.8496030654391
2003-07-14,-8.64379961682005
2003-07-15,
2003-07-16,
2003-07-17,
2003-07-18,
2003-07-21,
2003-07-22,
2003-07-23,
2003-07-24,
2003-07-25,
2003-07-28,
2003-07-29,
2003-07-30,
2003-07-31,
2003-08-01,
2003-08-04,
2003-08-05,
2003-08-06,
2003-08-07,
2003-08-08,
2003-08-11,
2003-08-12,
2003-08-13,
2003-08-14,
2003-08-15,
2003-08-18,
2003-08-19,
2003-08-20,
2003-08-21,0.900717725881009
2003-08-22,-12.3195574416163
2003-08-25,-10.2662978680137
2003-08-26,22.58585530963
2003-08-27,15.7416567309543
2003-08-28,-13.6883971573516
2003-08-29,8.21303829441092
2003-09-02,51.3314893400681
2003-09-03,-25.3235347411003
2003-09-04,-4.79093900507303
2003-09-05,-9.58187801014606
2003-09-08,6.84419857867579
2003-09-09,-13.6883971573513
2003-09-10,-17.1104964466895
2003-09-11,4.1065191472054
2003-09-12,10.9507177258812
2003-09-15,-15.7416567309542
2003-09-16,17.7949163045571
2003-09-17,-9.58187801014617
2003-09-18,16.4260765888217
2003-09-19,-15.0572368730866
2003-09-22,-2.73767943147027
2003-09-23,3.42209928933789
2003-09-24,-17.7949163045571
2003-09-25,-7.52861843654318
2003-09-26,-10.2662978680137
2003-09-29,-14.790939005073
2003-09-30,
2003-10-01,
2003-10-02,
2003-10-03,
2003-10-06,
2003-10-07,
2003-10-08,
2003-10-09,
2003-10-10,
2003-10-13,
2003-10-14,
2003-10-15,-0.418121989853944
2003-10-16,13.6883971573515
2003-10-17,-14.3728170152191
2003-10-20,17.794916304557
2003-10-21,-15.0572368730867
2003-10-22,-21.9014354517623
2003-10-23,16.4260765888217
2003-10-24,-13.0039772994838
2003-10-27,8.21303829441081
2003-10-28,26.0079545989679
2003-10-29,8.96979521042704
2003-10-30,-19.3195589147659
2003-10-31,-1.37996849391197
2003-11-03,6.20985822260332
2003-11-04,6.8998424695593
2003-11-05,-10.3497637043389
2003-11-06,-4.1399054817357
2003-11-07,5.51987397564744
2003-11-10,2.06995274086785
2003-11-11,6.20985822260332
2003-11-12,51.7488185216948
2003-11-13,5.51987397564733
2003-11-14,-12.4197164452066
2003-11-17,-17.2496061738983
2003-11-18,-6.8998424695593
2003-11-19,-2.06995274086773
2003-11-20,-11.0397479512949
2003-11-21,-4.82988972869157
2003-11-24,19.3195589147662
2003-11-25,25.5294171373694
2003-11-26,-5.51987397564756
2003-11-28,19.3195589147659
2003-12-01,-5.51987397564733
2003-12-02,-13.7996849391186
2003-12-03,17.9395904208542
2003-12-04,-5.51987397564744
2003-12-05,-8.96979521042692
2003-12-08,17.2496061738982
2003-12-09,20.0095431617218
2003-12-10,-12.4197164452067
2003-12-11,28.2893541251932
2003-12-12,-1.37996849391186
2003-12-15,38.6391178295319
2003-12-16,4.82988972869157
2003-12-17,22.0794959025897
2003-12-18,17.2496061738984
2003-12-19,22.0794959025898
2003-12-22,106.947627276593
2003-12-23,-42.779092309692
2003-12-24,2.07002173929232
2003-12-26,-1.38003749233667
2003-12-29,-1.37996849391175
2003-12-30,-11.7297321982508
2003-12-31,0.689984246955873
2004-01-02,5.51987397564744
2004-01-05,35.1891965947525
2004-01-06,-3.4498522363549
2004-01-07,31.0492221145919
2004-01-08,7.58982671651552
2004-01-09,-37.259218334045
2004-01-12,-10.3496947059141
2004-01-13,-8.9697262120028
2004-01-14,-6.89991146798388
2004-01-15,-8.96986420885173
2004-01-16,5.51987397564767
2004-01-20,5.51987397564722
2004-01-21,15.8697756768358
2004-01-22,-0.690053245380568
2004-01-23,-41.3990548173558
2004-01-26,8.96979521042704
2004-01-27,-1.37996849391175
2004-01-28,-18.0528454108849
2004-01-29,-51.3811754002106
2004-01-30,-30.8302062433288
2004-02-02,
2004-02-03,
2004-02-04,
2004-02-05,
2004-02-06,
2004-02-09,
2004-02-10,
2004-02-11,
2004-02-12,
2004-02-13,
2004-02-17,
2004-02-18,
2004-02-19,
2004-02-20,
2004-02-23,
2004-02-24,
2004-02-25,
2004-02-26,
2004-02-27,
2004-03-01,
2004-03-02,
2004-03-03,
2004-03-04,
2004-03-05,
2004-03-08,
2004-03-09,
2004-03-10,
2004-03-11,
2004-03-12,
2004-03-15,
2004-03-16,
2004-03-17,
2004-03-18,
2004-03-19,
2004-03-22,
2004-03-23,
2004-03-24,
2004-03-25,
2004-03-26,
2004-03-29,
2004-03-30,
2004-03-31,
2004-04-01,
2004-04-02,
2004-04-05,
2004-04-06,
2004-04-07,
2004-04-08,
2004-04-12,
2004-04-13,
2004-04-14,
2004-04-15,
2004-04-16,
2004-04-19,
2004-04-20,-42.6839897812155
2004-04-21,95.8189487193117
2004-04-22,57.6302372732093
2004-04-23,-4.86038145677685
2004-04-26,-0.694340208111043
2004-04-27,23.6076365097931
2004-04-28,-30.044122717434
2004-04-29,-9.08308574460648
2004-04-30,-0.69869890343125
2004-05-03,-6.28829013088125
2004-05-04,9.7817846480375
2004-05-05,-20.2622681995065
2004-05-06,-16.0700747789188
2004-05-07,-34.2362462681315
2004-05-10,-27.2492572338189
2004-05-11,25.8518594269564
2004-05-12,7.68568793774375
2004-05-13,-5.58959122745
2004-05-14,20.2622681995065
2004-05-17,-30.044052847544
2004-05-18,12.5765802617625
2004-05-19,-25.8518594269564
2004-05-20,-3.01301096568761
2004-05-21,
2004-05-24,
2004-05-25,
2004-05-26,
2004-05-27,
2004-05-28,
2004-06-01,
2004-06-02,
2004-06-03,
2004-06-04,
2004-06-07,
2004-06-08,-0.268215351964272
2004-06-09,-1.39739780686273
2004-06-10,12.5765802617627
2004-06-14,-25.1531605235252
2004-06-15,13.2752791651938
2004-06-16,15.3713758754877
2004-06-17,0.69869890343125
2004-06-18,17.4674725857815
2004-06-21,-16.7687736823502
2004-06-22,24.454461620094
2004-06-23,25.1532303934155
2004-06-24,-14.6727468419469
2004-06-25,-20.9609671029375
2004-06-28,-13.973978068625
2004-06-29,15.3713758754875
2004-06-30,-15.3713758754875
2004-07-01,-44.0180309161692
2004-07-02,-4.89089232401875
2004-07-06,0.698698903431477
2004-07-07,
2004-07-08,-13.275279165194
2004-07-09,27.249257233819
2004-07-12,-10.6986989034313
2004-07-13,
2004-07-14,
2004-07-15,
2004-07-16,
2004-07-19,
2004-07-20,
2004-07-21,
2004-07-22,
2004-07-23,
2004-07-26,
2004-07-27,
2004-07-28,
2004-07-29,
2004-07-30,
2004-08-02,
2004-08-03,
2004-08-04,
2004-08-05,
2004-08-06,
2004-08-09,
2004-08-10,
2004-08-11,
2004-08-12,
2004-08-13,
2004-08-16,
2004-08-17,
2004-08-18,
2004-08-19,
2004-08-20,
2004-08-23,
2004-08-24,
2004-08-25,
2004-08-26,
2004-08-27,
2004-08-30,
2004-08-31,
2004-09-01,
2004-09-02,
2004-09-03,
2004-09-07,
2004-09-08,
2004-09-09,
2004-09-10,
2004-09-13,
2004-09-14,
2004-09-15,
2004-09-16,
2004-09-17,-19.1445409932164
2004-09-20,-6.33083607222693
2004-09-21,7.0342623024743
2004-09-22,-26.178803295691
2004-09-23,
2004-09-24,
2004-09-27,
2004-09-28,
2004-09-29,
2004-09-30,
2004-10-01,
2004-10-04,
2004-10-05,
2004-10-06,
2004-10-07,
2004-10-08,
2004-10-11,
2004-10-12,
2004-10-13,
2004-10-14,
2004-10-15,
2004-10-18,
2004-10-19,
2004-10-20,
2004-10-21,
2004-10-22,
2004-10-25,
2004-10-26,
2004-10-27,
2004-10-28,
2004-10-29,
2004-11-01,
2004-11-02,
2004-11-03,
2004-11-04,
2004-11-05,
2004-11-08,
2004-11-09,
2004-11-10,
2004-11-11,-2.96179396820912
2004-11-12,-1.41764120635753
2004-11-15,8.50584723814541
2004-11-16,-9.92348844450294
2004-11-17,7.08820603178788
2004-11-18,2.12646180953629
2004-11-19,-13.4675914603966
2004-11-22,-4.25292361907282
2004-11-23,
2004-11-24,-0.708820603178765
2004-11-26,12.0499502540391
2004-11-29,-1.41764120635753
2004-11-30,-3.54410301589382
2004-12-01,-2.83528241271506
2004-12-02,6.37938542860888
2004-12-03,5.67056482543035
2004-12-06,-2.83528241271529
2004-12-07,-2.83528241271506
2004-12-08,-1.41764120635753
2004-12-09,2.12646180953641
2004-12-10,-1.41764120635753
2004-12-13,0.708820603178651
2004-12-14,6.37938542860911
2004-12-15,-2.12646180953629
2004-12-16,-4.96174422225147
2004-12-17,8.50584723814529
2004-12-20,22.6822593017209
2004-12-21,3.54410301589405
2004-12-22,8.50584723814518
2004-12-23,-2.12646180953629
2004-12-27,-4.25292361907259
2004-12-28,9.92348844450294
2004-12-29,-9.92348844450294
2004-12-30,4.25292361907259
2004-12-31,-11.3411296508605
2005-01-03,4.96174422225158
2005-01-04,-3.54410301589405
2005-01-05,-16.3028738731119
2005-01-06,1.41764120635742
2005-01-07,14.1764120635758
2005-01-10,-7.08820603178765
2005-01-11,-8.50584723814552
2005-01-12,-7.79702663496653
2005-01-13,-17.0116944762907
2005-01-14,-1.41764120635753
2005-01-18,-8.58235879364247
2005-01-19,
2005-01-20,
2005-01-21,
2005-01-24,
2005-01-25,
2005-01-26,
2005-01-27,
2005-01-28,
2005-01-31,
2005-02-01,
2005-02-02,
2005-02-03,
2005-02-04,
2005-02-07,
2005-02-08,
2005-02-09,
2005-02-10,
2005-02-11,
2005-02-14,
2005-02-15,
2005-02-16,
2005-02-17,
2005-02-18,
2005-02-22,
2005-02-23,
2005-02-24,
2005-02-25,
2005-02-28,
2005-03-01,
2005-03-02,
2005-03-03,
2005-03-04,
2005-03-07,
2005-03-08,
2005-03-09,
2005-03-10,
2005-03-11,
2005-03-14,
2005-03-15,
2005-03-16,
2005-03-17,
2005-03-18,
2005-03-21,
2005-03-22,
2005-03-23,
2005-03-24,
2005-03-28,
2005-03-29,
2005-03-30,
2005-03-31,
2005-04-01,
2005-04-04,
2005-04-05,
2005-04-06,
2005-04-07,
2005-04-08,
2005-04-11,
2005-04-12,
2005-04-13,
2005-04-14,
2005-04-15,
2005-04-18,
2005-04-19,
2005-04-20,
2005-04-21,
2005-04-22,
2005-04-25,
2005-04-26,
2005-04-27,
2005-04-28,
2005-04-29,
2005-05-02,
2005-05-03,
2005-05-04,
2005-05-05,
2005-05-06,
2005-05-09,
2005-05-10,
2005-05-11,
2005-05-12,
2005-05-13,
2005-05-16,
2005-05-17,
2005-05-18,
2005-05-19,
2005-05-20,
2005-05-23,-2.83134030183066
2005-05-24,-13.7154534265213
2005-05-25,-1.44373193963384
2005-05-26,5.05306178871831
2005-05-27,2.88746387926778
2005-05-31,-6.49679372835226
2005-06-01,-4.33119581890151
2005-06-02,25.2653089435919
2005-06-03,-26.7090408832258
2005-06-06,4.33119581890162
2005-06-07,7.21865969816918
2005-06-08,2.16559790945064
2005-06-09,-5.05306178871842
2005-06-10,22.3778450643244
2005-06-13,13.7154534265213
2005-06-14,21.6559790945075
2005-06-15,24.5434429737751
2005-06-16,15.1591853661552
2005-06-17,-6.49679372835215
2005-06-20,-12.2717214868876
2005-06-21,4.33119581890151
2005-06-22,-35.3714325210289
2005-06-23,-20.2122471548736
2005-06-24,-13.7154534265213
2005-06-27,-6.49679372835237
2005-06-28,20.2122471548737
2005-06-29,0.721865969816804
2005-06-30,-12.2717214868875
2005-07-01,5.05306178871842
2005-07-05,6.49679372835226
2005-07-06,-3.60932984908459
2005-07-07,-15.7749277585355
2005-07-08,
2005-07-11,
2005-07-12,
2005-07-13,
2005-07-14,
2005-07-15,
2005-07-18,-16.4967937283523
2005-07-19,-6.49679372835226
2005-07-20,6.49679372835226
2005-07-21,-20.9341131246905
2005-07-22,5.77492775853534
2005-07-25,-7.94052566798621
2005-07-26,18.0466492454229
2005-07-27,1.44373193963384
2005-07-28,1.44373193963384
2005-07-29,-4.37129948389133
2005-08-01,8.0140490538007
2005-08-02,2.18564974194578
2005-08-03,-9.47114888176463
2005-08-04,-8.0140490538007
2005-08-05,-20.3993975914929
2005-08-08,0.728549913981851
2005-08-09,5.09984939787319
2005-08-10,-2.9141996559274
2005-08-11,-2.91419965592763
2005-08-12,-16.0280981076015
2005-08-15,-9.27145008601804
2005-08-16,
2005-08-17,
2005-08-18,
2005-08-19,
2005-08-22,
2005-08-23,
2005-08-24,
2005-08-25,
2005-08-26,
2005-08-29,
2005-08-30,
2005-08-31,
2005-09-01,
2005-09-02,
2005-09-06,
2005-09-07,
2005-09-08,
2005-09-09,
2005-09-12,
2005-09-13,
2005-09-14,
2005-09-15,
2005-09-16,
2005-09-19,
2005-09-20,
2005-09-21,
2005-09-22,
2005-09-23,
2005-09-26,
2005-09-27,
2005-09-28,
2005-09-29,
2005-09-30,
2005-10-03,
2005-10-04,
2005-10-05,
2005-10-06,
2005-10-07,
2005-10-10,
2005-10-11,
2005-10-12,
2005-10-13,
2005-10-14,
2005-10-17,
2005-10-18,
2005-10-19,
2005-10-20,
2005-10-21,
2005-10-24,
2005-10-25,
2005-10-26,
2005-10-27,
2005-10-28,
2005-10-31,
2005-11-01,
2005-11-02,
2005-11-03,
2005-11-04,
2005-11-07,
2005-11-08,
2005-11-09,
2005-11-10,
2005-11-11,
2005-11-14,
2005-11-15,
2005-11-16,
2005-11-17,
2005-11-18,
2005-11-21,
2005-11-22,
2005-11-23,
2005-11-25,
2005-11-28,
2005-11-29,
2005-11-30,
2005-12-01,
2005-12-02,
2005-12-05,
2005-12-06,
2005-12-07,
2005-12-08,
2005-12-09,
2005-12-12,
2005-12-13,
2005-12-14,
2005-12-15,
2005-12-16,
2005-12-19,-15.9508918406092
2005-12-20,-13.2770066413714
2005-12-21,-2.21283444022868
2005-12-22,-5.16328036053324
2005-12-23,-3.68805740038101
2005-12-27,-10.7376114800762
2005-12-28,
2005-12-29,
2005-12-30,
2006-01-03,
2006-01-04,
2006-01-05,
2006-01-06,
2006-01-09,
2006-01-10,
2006-01-11,
2006-01-12,
2006-01-13,
2006-01-17,
2006-01-18,
2006-01-19,
2006-01-20,
2006-01-23,
2006-01-24,
2006-01-25,
2006-01-26,
2006-01-27,
2006-01-30,
2006-01-31,
2006-02-01,
2006-02-02,
2006-02-03,
2006-02-06,
2006-02-07,
2006-02-08,
2006-02-09,
2006-02-10,
2006-02-13,
2006-02-14,
2006-02-15,
2006-02-16,
2006-02-17,
2006-02-21,
2006-02-22,
2006-02-23,
2006-02-24,
2006-02-27,
2006-02-28,
2006-03-01,
2006-03-02,
2006-03-03,
2006-03-06,
2006-03-07,
2006-03-08,
2006-03-09,
2006-03-10,
2006-03-13,
2006-03-14,
2006-03-15,
2006-03-16,
2006-03-17,
2006-03-20,
2006-03-21,
2006-03-22,
2006-03-23,
2006-03-24,
2006-03-27,
2006-03-28,
2006-03-29,-7.06492443274351
2006-03-30,-7.46268891814168
2006-03-31,-14.9253778362834
2006-04-03,-14.1791089444694
2006-04-04,-6.71642002632746
2006-04-05,-8.20895780995602
2006-04-06,5.97015113451346
2006-04-07,-3.7313444590709
2006-04-10,-5.97015113451334
2006-04-11,-36.1194112134961
2006-04-12,
2006-04-13,
2006-04-17,
2006-04-18,
2006-04-19,
2006-04-20,
2006-04-21,
2006-04-24,
2006-04-25,
2006-04-26,
2006-04-27,
2006-04-28,
2006-05-01,
2006-05-02,
2006-05-03,
2006-05-04,
2006-05-05,
2006-05-08,
2006-05-09,
2006-05-10,
2006-05-11,
2006-05-12,
2006-05-15,
2006-05-16,
2006-05-17,
2006-05-18,
2006-05-19,
2006-05-22,
2006-05-23,
2006-05-24,
2006-05-25,
2006-05-26,
2006-05-30,
2006-05-31,
2006-06-01,
2006-06-02,
2006-06-05,
2006-06-06,
2006-06-07,
2006-06-08,
2006-06-09,
2006-06-12,
2006-06-13,
2006-06-14,
2006-06-15,
2006-06-16,
2006-06-19,
2006-06-20,
2006-06-21,
2006-06-22,
2006-06-23,
2006-06-26,
2006-06-27,
2006-06-28,
2006-06-29,
2006-06-30,
2006-07-03,
2006-07-05,
2006-07-06,
2006-07-07,
2006-07-10,
2006-07-11,
2006-07-12,
2006-07-13,
2006-07-14,
2006-07-17,
2006-07-18,
2006-07-19,
2006-07-20,
2006-07-21,
2006-07-24,
2006-07-25,
2006-07-26,
2006-07-27,
2006-07-28,
2006-07-31,
2006-08-01,
2006-08-02,
2006-08-03,-17.6731173678274
2006-08-04,20.5824168931342
2006-08-07,3.049246947131
2006-08-08,15.2462347356551
2006-08-09,-3.04924694713111
2006-08-10,4.57387042069649
2006-08-11,-1.52462347356538
2006-08-14,35.0663398920065
2006-08-15,6.86080563104474
2006-08-16,25.9185990506135
2006-08-17,-6.86080563104474
2006-08-18,-12.9592995253067
2006-08-21,-40.4025220494858
2006-08-22,-3.81155868391374
2006-08-23,25.9185990506136
2006-08-24,
2006-08-25,18.295481682786
2006-08-28,3.81155868391374
2006-08-29,16.0085464724377
2006-08-30,0.762311736782749
2006-08-31,7.62311736782749
2006-09-01,-7.62311736782749
2006-09-05,9.1477408413931
2006-09-06,12.196987788524
2006-09-07,2.28693521034825
2006-09-08,14.4839229988721
2006-09-11,-4.57387042069638
2006-09-12,26.6809107873962
2006-09-13,9.91005257817574
2006-09-14,-7.6231173678276
2006-09-15,-81.5673558357543
2006-09-18,-15.2462347356549
2006-09-19,-12.1969877885241
2006-09-20,6.86080563104485
2006-09-21,0.762311736782749
2006-09-22,18.295481682786
2006-09-25,11.4346760517412
2006-09-26,19.8201051563515
2006-09-27,-41.2547812080927
2006-09-28,
2006-09-29,
2006-10-02,
2006-10-03,
2006-10-04,
2006-10-05,
2006-10-06,
2006-10-09,
2006-10-10,
2006-10-11,
2006-10-12,
2006-10-13,
2006-10-16,
2006-10-17,
2006-10-18,
2006-10-19,
2006-10-20,
2006-10-23,
2006-10-24,
2006-10-25,
2006-10-26,
2006-10-27,
2006-10-30,
2006-10-31,
2006-11-01,
2006-11-02,
2006-11-03,
2006-11-06,-10.8123117367824
2006-11-07,5.33618215747924
2006-11-08,-7.62311736782749
2006-11-09,-5.33618215747936
2006-11-10,1.52462347356561
2006-11-13,22.1070403666996
2006-11-14,-5.33618215747913
2006-11-15,15.246234735655
2006-11-16,2.28693521034825
2006-11-17,-10.6723643149585
2006-11-20,-16.7708582092206
2006-11-21,-8.38542910461024
2006-11-22,3.81155868391374
2006-11-24,-6.86080563104474
2006-11-27,-27.443222524179
2006-11-28,-0.762311736782749
2006-11-29,1.5246234735655
2006-11-30,-3.04924694713088
2006-12-01,-6.86080563104497
2006-12-04,-21.4346760517411
2006-12-05,
2006-12-06,
2006-12-07,
2006-12-08,
2006-12-11,
2006-12-12,
2006-12-13,
2006-12-14,
2006-12-15,
2006-12-18,
2006-12-19,
2006-12-20,
2006-12-21,
2006-12-22,
2006-12-26,
2006-12-27,
2006-12-28,
2006-12-29,
2007-01-03,
2007-01-04,
2007-01-05,
2007-01-08,
2007-01-09,
2007-01-10,
2007-01-11,
2007-01-12,-7.76306478965216
2007-01-16,3.81155868391374
2007-01-17,7.62311736782738
2007-01-18,10.6723643149585
2007-01-19,9.14774084139322
2007-01-22,8.38542910461013
2007-01-23,-8.38542910461013
2007-01-24,-7.6231173678276
2007-01-25,1.52462347356561
2007-01-26,15.2462347356549
2007-01-29,-3.81155868391374
2007-01-30,-12.9592995253067
2007-01-31,-5.33618215747913
2007-02-01,12.1969877885238
2007-02-02,-4.57387042069638
2007-02-05,7.62311736782749
2007-02-06,16.0085464724376
2007-02-07,1.52462347356561
2007-02-08,-0.762311736782635
2007-02-09,13.7216112620895
2007-02-12,-6.09849389426199
2007-02-13,-15.2462347356551
2007-02-14,4.57387042069649
2007-02-15,6.86080563104474
2007-02-16,-5.33618215747924
2007-02-20,9.1477408413931
2007-02-21,-13.7216112620895
2007-02-22,-9.1477408413931
2007-02-23,-3.81155868391363
2007-02-26,-3.04924694713111
2007-02-27,-36.590963365572
2007-02-28,9.91005257817574
2007-03-01,-20.6723643149586
2007-03-02,
2007-03-05,
2007-03-06,
2007-03-07,
2007-03-08,
2007-03-09,
2007-03-12,
2007-03-13,
2007-03-14,
2007-03-15,
2007-03-16,
2007-03-19,
2007-03-20,
2007-03-21,
2007-03-22,
2007-03-23,
2007-03-26,
2007-03-27,
2007-03-28,
2007-03-29,
2007-03-30,
2007-04-02,-4.71381784252117
2007-04-03,-0.762311736782749
2007-04-04,-3.04924694713111
2007-04-05,-2.28693521034813
2007-04-09,5.33618215747924
2007-04-10,8.38542910461024
2007-04-11,-4.57387042069638
2007-04-12,-3.04924694713111
2007-04-13,-5.33618215747936
2007-04-16,0.762311736782863
2007-04-17,-13.7216112620896
2007-04-18,-2.28693521034813
2007-04-19,-6.09849389426211
2007-04-20,0.762311736782863
2007-04-23,6.09849389426199
2007-04-24,-0.762311736782749
2007-04-25,4.57387042069638
2007-04-26,14.3939755770481
2007-04-27,
2007-04-30,
2007-05-01,
2007-05-02,
2007-05-03,
2007-05-04,
2007-05-07,
2007-05-08,0.622364314958872
2007-05-09,-1.5246234735655
2007-05-10,-8.38542910461024
2007-05-11,9.91005257817574
2007-05-14,25.9185990506136
2007-05-15,15.246234735655
2007-05-16,-11.4346760517413
2007-05-17,
2007-05-18,-5.33618215747924
2007-05-21,6.86080563104485
2007-05-22,-7.6231173678276
2007-05-23,6.09849389426199
2007-05-24,-20.5824168931342
2007-05-25,-3.049246947131
2007-05-29,-3.81155868391374
2007-05-30,7.6231173678276
2007-05-31,-12.1969877885241
2007-06-01,0.762311736782749
2007-06-04,-6.09849389426199
2007-06-05,3.049246947131
2007-06-06,-3.81155868391374
2007-06-07,-15.246234735655
2007-06-08,3.72161126208948
2007-06-11,
2007-06-12,
2007-06-13,
2007-06-14,
2007-06-15,
2007-06-18,
2007-06-19,
2007-06-20,
2007-06-21,-7.76306478965159
2007-06-22,16.7708582092206
2007-06-25,-7.6231173678276
2007-06-26,-5.33618215747924
2007-06-27,24.393975577048
2007-06-28,16.0085464724378
2007-06-29,-5.33618215747936
2007-07-02,16.7708582092206
2007-07-03,-16.7708582092206
2007-07-05,-20.5824168931342
2007-07-06,-3.049246947131
2007-07-09,-2.28693521034825
2007-07-10,0.762311736782635
2007-07-11,-14.4839229988721
2007-07-12,4.57387042069649
2007-07-13,0.762311736782749
2007-07-16,-8.38542910461024
2007-07-17,-9.91005257817574
2007-07-18,-7.62311736782749
2007-07-19,
2007-07-20,-27.5331699460033
2007-07-23,
2007-07-24,
2007-07-25,
2007-07-26,
2007-07-27,
2007-07-30,
2007-07-31,
2007-08-01,
2007-08-02,
2007-08-03,
2007-08-06,
2007-08-07,
2007-08-08,
2007-08-09,
2007-08-10,
2007-08-13,
2007-08-14,
2007-08-15,
2007-08-16,
2007-08-17,
2007-08-20,
2007-08-21,
2007-08-22,
2007-08-23,
2007-08-24,
2007-08-27,
2007-08-28,
2007-08-29,
2007-08-30,
2007-08-31,
2007-09-04,
2007-09-05,
2007-09-06,
2007-09-07,
2007-09-10,
2007-09-11,
2007-09-12,
2007-09-13,
2007-09-14,
2007-09-17,
2007-09-18,
2007-09-19,
2007-09-20,
2007-09-21,
2007-09-24,-9.23768826321736
2007-09-25,-10.6723643149585
2007-09-26,41.1648337862686
2007-09-27,-19.0577934195687
2007-09-28,-10.6723643149586
2007-10-01,-19.8201051563515
2007-10-02,25.9185990506135
2007-10-03,-10.6723643149585
2007-10-04,-12.9592995253067
2007-10-05,8.38542910461024
2007-10-08,-13.7216112620895
2007-10-09,9.91005257817574
2007-10-10,-6.86080563104474
2007-10-11,40.4025220494857
2007-10-12,33.541716418441
2007-10-15,-16.0085464724376
2007-10-16,-16.0085464724377
2007-10-17,-6.86080563104485
2007-10-18,5.33618215747924
2007-10-19,-29.7301577345272
2007-10-22,-2.28693521034825
2007-10-23,23.6316638402653
2007-10-24,-4.57387042069661
2007-10-25,0.762311736782749
2007-10-26,5.33618215747924
2007-10-29,7.62311736782749
2007-10-30,2.28693521034836
2007-10-31,5.33618215747913
2007-11-01,-28.2055342609616
2007-11-02,34.3040281552236
2007-11-05,-21.344728629917
2007-11-06,-3.04924694713088
2007-11-07,-29.7301577345273
2007-11-08,18.295481682786
2007-11-09,-21.344728629917
2007-11-12,-25.1562873138307
2007-11-13,-0.089947421824263
2007-11-14,
2007-11-15,
2007-11-16,
2007-11-19,
2007-11-20,
2007-11-21,
2007-11-23,
2007-11-26,
2007-11-27,
2007-11-28,
2007-11-29,
2007-11-30,
2007-12-03,
2007-12-04,
2007-12-05,
2007-12-06,
2007-12-07,
2007-12-10,
2007-12-11,
2007-12-12,
2007-12-13,
2007-12-14,
2007-12-17,
2007-12-18,
2007-12-19,
2007-12-20,
2007-12-21,
2007-12-24,
2007-12-26,
2007-12-27,
2007-12-28,
2007-12-31,
2008-01-02,
2008-01-03,
2008-01-04,
2008-01-07,
2008-01-08,
2008-01-09,
2008-01-10,
2008-01-11,
2008-01-14,
2008-01-15,
2008-01-16,
2008-01-17,
2008-01-18,
2008-01-22,
2008-01-23,
2008-01-24,
2008-01-25,
2008-01-28,
2008-01-29,
2008-01-30,
2008-01-31,
2008-02-01,
2008-02-04,-26.8208582092209
2008-02-05,-19.0577934195688
2008-02-06,-9.14774084139299
2008-02-07,-10.6723643149585
2008-02-08,-6.86080563104468
2008-02-11,23.6316638402652
2008-02-12,5.3361821574793
2008-02-13,9.14774084139299
2008-02-14,-9.14774084139299
2008-02-15,-0.762311736782806
2008-02-19,2.28693521034836
2008-02-20,-5.3361821574793
2008-02-21,-13.7216112620895
2008-02-22,1.5246234735655
2008-02-25,16.0085464724378
2008-02-26,4.57387042069649
2008-02-27,6.09849389426199
2008-02-28,1.52462347356555
2008-02-29,-6.86080563104485
2008-03-03,-26.6809107873962
2008-03-04,-13.8115586839138
2008-03-05,
2008-03-06,
2008-03-07,
2008-03-10,
2008-03-11,
2008-03-12,
2008-03-13,
2008-03-14,
2008-03-17,
2008-03-18,
2008-03-19,
2008-03-20,
2008-03-24,
2008-03-25,
2008-03-26,
2008-03-27,
2008-03-28,
2008-03-31,
2008-04-01,
2008-04-02,
2008-04-03,
2008-04-04,
2008-04-07,-11.5246234735654
2008-04-08,13.7216112620895
2008-04-09,-14.4839229988723
2008-04-10,1.52462347356561
2008-04-11,-3.81155868391374
2008-04-14,6.86080563104474
2008-04-15,7.62311736782738
2008-04-16,23.6316638402653
2008-04-17,5.33618215747924
2008-04-18,14.4839229988723
2008-04-21,21.344728629917
2008-04-22,-6.09849389426199
2008-04-23,-9.91005257817585
2008-04-24,67.083432836882
2008-04-25,-68.6080563104475
2008-04-28,54.1241333115754
2008-04-29,-6.86080563104485
2008-04-30,10.6723643149585
2008-05-01,16.7708582092205
2008-05-02,-16.0085464724377
2008-05-05,4.57387042069649
2008-05-06,-4.57387042069649
2008-05-07,-23.6316638402653
2008-05-08,18.2954816827861
2008-05-09,-7.6231173678276
2008-05-12,3.81155868391386
2008-05-13,6.09849389426199
2008-05-14,-6.86080563104463
2008-05-15,2.28693521034813
2008-05-16,-4.57387042069649
2008-05-19,-6.86080563104485
2008-05-20,-1.52462347356538
2008-05-21,-15.2462347356551
2008-05-22,-48.7879511540959
2008-05-23,-22.1070403666997
2008-05-27,-5.33618215747936
2008-05-28,-11.5246234735654
2008-05-29,
2008-05-30,
2008-06-02,
2008-06-03,
2008-06-04,
2008-06-05,
2008-06-06,
2008-06-09,
2008-06-10,
2008-06-11,
2008-06-12,
2008-06-13,
2008-06-16,
2008-06-17,
2008-06-18,
2008-06-19,
2008-06-20,
2008-06-23,
2008-06-24,
2008-06-25,
2008-06-26,
2008-06-27,
2008-06-30,
2008-07-01,
2008-07-02,
2008-07-03,
2008-07-07,
2008-07-08,
2008-07-09,
2008-07-10,
2008-07-11,
2008-07-14,
2008-07-15,
2008-07-16,
2008-07-17,
2008-07-18,
2008-07-21,
2008-07-22,
2008-07-23,
2008-07-24,
2008-07-25,
2008-07-28,
2008-07-29,
2008-07-30,
2008-07-31,
2008-08-01,
2008-08-04,
2008-08-05,
2008-08-06,
2008-08-07,
2008-08-08,
2008-08-11,
2008-08-12,
2008-08-13,
2008-08-14,
2008-08-15,
2008-08-18,
2008-08-19,
2008-08-20,
2008-08-21,
2008-08-22,
2008-08-25,
2008-08-26,
2008-08-27,
2008-08-28,
2008-08-29,
2008-09-02,
2008-09-03,
2008-09-04,
2008-09-05,
2008-09-08,
2008-09-09,
2008-09-10,
2008-09-11,
2008-09-12,
2008-09-15,
2008-09-16,
2008-09-17,
2008-09-18,
2008-09-19,-38.2055342609618
2008-09-22,-25.9185990506135
2008-09-23,-6.86080563104474
2008-09-24,12.9592995253067
2008-09-25,-3.81155868391374
2008-09-26,-12.9592995253068
2008-09-29,-48.787951154096
2008-09-30,78.5181088886233
2008-10-01,-49.5502628908788
2008-10-02,-15.246234735655
2008-10-03,-22.8693521034825
2008-10-06,-27.443222524179
2008-10-07,-68.6980037322718
2008-10-08,
2008-10-09,
2008-10-10,
2008-10-13,
2008-10-14,
2008-10-15,
2008-10-16,
2008-10-17,
2008-10-20,
2008-10-21,
2008-10-22,
2008-10-23,
2008-10-24,
2008-10-27,
2008-10-28,
2008-10-29,
2008-10-30,
2008-10-31,
2008-11-03,
2008-11-04,
2008-11-05,
2008-11-06,
2008-11-07,
2008-11-10,
2008-11-11,
2008-11-12,
2008-11-13,
2008-11-14,
2008-11-17,
2008-11-18,
2008-11-19,
2008-11-20,
2008-11-21,
2008-11-24,
2008-11-25,
2008-11-26,
2008-11-28,
2008-12-01,
2008-12-02,
2008-12-03,
2008-12-04,
2008-12-05,
2008-12-08,3.72161126208951
2008-12-09,-11.4346760517413
2008-12-10,1.52462347356547
2008-12-11,-26.6809107873962
2008-12-12,10.6723643149585
2008-12-15,10.6723643149585
2008-12-16,-3.81155868391377
2008-12-17,0.762311736782749
2008-12-18,-22.8693521034825
2008-12-19,8.3854291046103
2008-12-22,-27.443222524179
2008-12-23,-30.49246947131
2008-12-24,-6.09849389426199
2008-12-26,13.7216112620895
2008-12-29,-5.33618215747924
2008-12-30,5.33618215747924
2008-12-31,
2009-01-02,12.9592995253067
2009-01-05,-0.852259158606955
2009-01-06,
2009-01-07,
2009-01-08,
2009-01-09,
2009-01-12,
2009-01-13,
2009-01-14,
2009-01-15,
2009-01-16,
2009-01-20,
2009-01-21,
2009-01-22,
2009-01-23,
2009-01-26,
2009-01-27,
2009-01-28,
2009-01-29,
2009-01-30,
2009-02-02,
2009-02-03,
2009-02-04,
2009-02-05,
2009-02-06,
2009-02-09,
2009-02-10,
2009-02-11,
2009-02-12,
2009-02-13,
2009-02-17,
2009-02-18,
2009-02-19,
2009-02-20,
2009-02-23,
2009-02-24,
2009-02-25,
2009-02-26,
2009-02-27,
2009-03-02,
2009-03-03,
2009-03-04,
2009-03-05,
2009-03-06,
2009-03-09,
2009-03-10,
2009-03-11,
2009-03-12,-2.42688263217246
2009-03-13,6.86080563104474
2009-03-16,-6.86080563104474
2009-03-17,13.7216112620895
2009-03-18,14.4839229988723
2009-03-19,3.04924694713097
2009-03-20,18.295481682786
2009-03-23,11.4346760517412
2009-03-24,-3.049246947131
2009-03-25,-6.86080563104477
2009-03-26,12.9592995253068
2009-03-27,-7.62311736782752
2009-03-30,-6.09849389426199
2009-03-31,-9.91005257817574
2009-04-01,8.38542910461024
2009-04-02,12.9592995253068
2009-04-03,25.9185990506135
2009-04-06,39.640210312703
2009-04-07,-21.344728629917
2009-04-08,35.0663398920065
2009-04-09,22.1070403666997
2009-04-13,1.5246234735655
2009-04-14,3.049246947131
2009-04-15,-19.8201051563515
2009-04-16,9.14774084139299
2009-04-17,-12.196987788524
2009-04-20,-23.6316638402653
2009-04-21,8.38542910461024
2009-04-22,36.590963365572
2009-04-23,16.0085464724378
2009-04-24,38.8778985759202
2009-04-27,8.3854291046103
2009-04-28,6.09849389426199
2009-04-29,19.8201051563515
2009-04-30,40.4025220494858
2009-05-01,-22.1070403666998
2009-05-04,14.4839229988722
2009-05-05,-2.28693521034819
2009-05-06,31.2547812080927
2009-05-07,-15.246234735655
2009-05-08,13.7216112620896
2009-05-11,-12.196987788524
2009-05-12,-81.5673558357543
2009-05-13,-3.8115586839138
2009-05-14,15.2462347356551
2009-05-15,25.1562873138308
2009-05-18,0.762311736782692
2009-05-19,9.91005257817574
2009-05-20,-16.7708582092205
2009-05-21,-6.09849389426199
2009-05-22,-5.3361821574793
2009-05-26,10.6723643149585
2009-05-27,-4.57387042069644
2009-05-28,16.7708582092205
2009-05-29,14.4839229988722
2009-06-01,28.9678459977445
2009-06-02,21.3447286299171
2009-06-03,-17.5331699460033
2009-06-04,13.7216112620895
2009-06-05,
2009-06-08,1.5246234735655
2009-06-09,-9.14774084139304
2009-06-10,-5.33618215747919
2009-06-11,-16.0085464724378
2009-06-12,9.91005257817579
2009-06-15,-13.7216112620895
2009-06-16,-19.8201051563515
2009-06-17,3.04924694713105
2009-06-18,-2.28693521034836
2009-06-19,3.04924694713105
2009-06-22,-25.9185990506135
2009-06-23,11.4346760517413
2009-06-24,7.62311736782749
2009-06-25,-6.18844131608631
2009-06-26,
2009-06-29,
2009-06-30,
2009-07-01,
2009-07-02,
2009-07-06,
2009-07-07,
2009-07-08,
2009-07-09,
2009-07-10,
2009-07-13,
2009-07-14,
2009-07-15,
2009-07-16,
2009-07-17,
2009-07-20,
2009-07-21,
2009-07-22,-3.95150610573745
2009-07-23,45.738704206965
2009-07-24,-15.246234735655
2009-07-27,37.3532751023546
2009-07-28,-9.91005257817562
2009-07-29,-1.5246234735655
2009-07-30,20.5824168931342
2009-07-31,46.5010159437478
2009-08-03,25.1562873138307
2009-08-04,-2.28693521034813
2009-08-05,10.6723643149584
2009-08-06,-28.2055342609617
2009-08-07,-4.57387042069649
2009-08-10,-22.1070403666998
2009-08-11,6.86080563104485
2009-08-12,-8.38542910461024
2009-08-13,15.246234735655
2009-08-14,-5.33618215747924
2009-08-17,-35.0663398920065
2009-08-18,20.5824168931341
2009-08-19,0.762311736782863
2009-08-20,2.28693521034813
2009-08-21,4.57387042069649
2009-08-24,-25.1562873138307
2009-08-25,13.7216112620896
2009-08-26,1.5246234735655
2009-08-27,4.57387042069649
2009-08-28,4.57387042069649
2009-08-31,-9.91005257817585
2009-09-01,-27.443222524179
2009-09-02,-26.0085464724377
2009-09-03,
2009-09-04,
2009-09-08,
2009-09-09,
2009-09-10,
2009-09-11,
2009-09-14,
2009-09-15,
2009-09-16,
2009-09-17,
2009-09-18,
2009-09-21,
2009-09-22,
2009-09-23,
2009-09-24,
2009-09-25,
2009-09-28,
2009-09-29,
2009-09-30,
2009-10-01,
2009-10-02,
2009-10-05,
2009-10-06,
2009-10-07,
2009-10-08,
2009-10-09,
2009-10-12,
2009-10-13,
2009-10-14,
2009-10-15,
2009-10-16,
2009-10-19,
2009-10-20,-12.3369352103487
2009-10-21,5.33618215747936
2009-10-22,-1.5246234735655
2009-10-23,-9.91005257817585
2009-10-26,-12.196987788524
2009-10-27,-10.6723643149585
2009-10-28,-28.2055342609617
2009-10-29,25.9185990506135
2009-10-30,-22.8693521034825
2009-11-02,44.2140807333994
2009-11-03,-10.6723643149585
2009-11-04,-12.9592995253068
2009-11-05,13.7216112620897
2009-11-06,12.8693521034825
2009-11-09,
2009-11-10,-5.47612957930289
2009-11-11,6.86080563104474
2009-11-12,-9.91005257817574
2009-11-13,16.0085464724377
2009-11-16,22.8693521034826
2009-11-17,20.5824168931342
2009-11-18,-3.049246947131
2009-11-19,-16.0085464724377
2009-11-20,-6.86080563104474
2009-11-23,6.86080563104474
2009-11-24,6.09849389426199
2009-11-25,
2009-11-27,-6.09849389426199
2009-11-30,12.196987788524
2009-12-01,-0.762311736782749
2009-12-02,9.91005257817562
2009-12-03,-5.33618215747913
2009-12-04,
2009-12-07,-2.28693521034825
2009-12-08,-6.86080563104474
2009-12-09,3.049246947131
2009-12-10,14.4839229988723
2009-12-11,-3.81155868391386
2009-12-14,6.09849389426199
2009-12-15,23.6316638402652
2009-12-16,7.6231173678276
2009-12-17,-7.6231173678276
2009-12-18,22.1070403666997
2009-12-21,-0.762311736782749
2009-12-22,17.5331699460033
2009-12-23,13.7216112620895
2009-12-24,3.81155868391374
2009-12-28,5.33618215747913
2009-12-29,-6.86080563104474
2009-12-30,-9.14774084139287
2009-12-31,0.762311736782635
2010-01-04,21.344728629917
2010-01-05,51.837198101227
2010-01-06,31.2547812080928
2010-01-07,22.1070403666997
2010-01-08,2.28693521034825
2010-01-11,32.0170929448756
2010-01-12,-18.2954816827861
2010-01-13,-14.4839229988722
2010-01-14,6.09849389426199
2010-01-15,-12.196987788524
2010-01-19,11.4346760517412
2010-01-20,-18.295481682786
2010-01-21,-25.1562873138307
2010-01-22,-50.3125746276615
2010-01-25,38.8778985759203
2010-01-26,12.196987788524
2010-01-27,27.4432225241791
2010-01-28,-10.6723643149586
2010-01-29,-43.4517689966167
2010-02-01,21.344728629917
2010-02-02,20.5824168931343
2010-02-03,19.0577934195687
2010-02-04,-44.2140807333996
2010-02-05,-11.4346760517412
2010-02-08,4.57387042069649
2010-02-09,13.7216112620895
2010-02-10,-16.0085464724377
2010-02-11,8.29548168278598
2010-02-12,
2010-02-16,
2010-02-17,
2010-02-18,
2010-02-19,
2010-02-22,
2010-02-23,
2010-02-24,
2010-02-25,
2010-02-26,
2010-03-01,30.352522049486
2010-03-02,-14.4839229988722
2010-03-03,35.8286516287892
2010-03-04,7.62311736782726
2010-03-05,16.0085464724378
2010-03-08,-5.33618215747924
2010-03-09,-9.91005257817562
2010-03-10,1.5246234735655
2010-03-11,6.86080563104474
2010-03-12,32.7794046816581
2010-03-15,4.57387042069672
2010-03-16,6.86080563104474
2010-03-17,46.5010159437475
2010-03-18,-28.2055342609615
2010-03-19,-33.5417164184411
2010-03-22,53.3618215747925
2010-03-23,-6.86080563104474
2010-03-24,
2010-03-25,-7.62311736782749
2010-03-26,4.57387042069649
2010-03-29,-22.1070403666999
2010-03-30,-22.1070403666997
2010-03-31,-54.1241333115751
2010-04-01,4.57387042069649
2010-04-05,10.6723643149584
2010-04-06,-5.33618215747924
2010-04-07,-9.14774084139299
2010-04-08,3.81155868391386
2010-04-09,-3.13919436895526
2010-04-12,
2010-04-13,
2010-04-14,
2010-04-15,
2010-04-16,
2010-04-19,
2010-04-20,
2010-04-21,
2010-04-22,
2010-04-23,-11.5746234735618
2010-04-26,19.0577934195687
2010-04-27,-67.8457445736651
2010-04-28,-24.393975577048
2010-04-29,25.1562873138309
2010-04-30,-42.6894572598342
2010-05-03,21.3447286299171
2010-05-04,-34.3040281552237
2010-05-05,-38.8778985759203
2010-05-06,-42.6894572598341
2010-05-07,-30.5824168931342
2010-05-10,
2010-05-11,
2010-05-12,
2010-05-13,
2010-05-14,
2010-05-17,
2010-05-18,
2010-05-19,
2010-05-20,
2010-05-21,
2010-05-24,
2010-05-25,
2010-05-26,
2010-05-27,
2010-05-28,
2010-06-01,
2010-06-02,
2010-06-03,
2010-06-04,
2010-06-07,
2010-06-08,
2010-06-09,
2010-06-10,
2010-06-11,
2010-06-14,
2010-06-15,
2010-06-16,
2010-06-17,
2010-06-18,
2010-06-21,
2010-06-22,
2010-06-23,
2010-06-24,
2010-06-25,
2010-06-28,
2010-06-29,
2010-06-30,
2010-07-01,
2010-07-02,
2010-07-06,
2010-07-07,
2010-07-08,
2010-07-09,
2010-07-12,
2010-07-13,
2010-07-14,
2010-07-15,
2010-07-16,
2010-07-19,
2010-07-20,3.67161126208941
2010-07-21,-15.2462347356549
2010-07-22,41.1648337862684
2010-07-23,48.0256394173133
2010-07-26,16.7708582092205
2010-07-27,6.86080563104463
2010-07-28,-9.14774084139287
2010-07-29,4.57387042069649
2010-07-30,-15.2462347356551
2010-08-02,29.7301577345273
2010-08-03,-19.0577934195687
2010-08-04,15.2462347356549
2010-08-05,-9.91005257817562
2010-08-06,4.57387042069649
2010-08-09,0.762311736782749
2010-08-10,-9.91005257817574
2010-08-11,-38.8778985759202
2010-08-12,-10.6723643149586
2010-08-13,-9.14774084139299
2010-08-16,-12.196987788524
2010-08-17,12.9592995253068
2010-08-18,3.04924694713088
2010-08-19,-23.6316638402652
2010-08-20,-9.14774084139299
2010-08-23,-22.1969877885242
2010-08-24,
2010-08-25,
2010-08-26,
2010-08-27,
2010-08-30,
2010-08-31,
2010-09-01,
2010-09-02,
2010-09-03,
2010-09-07,
2010-09-08,
2010-09-09,
2010-09-10,
2010-09-13,
2010-09-14,
2010-09-15,
2010-09-16,
2010-09-17,
2010-09-20,-8.4753765264345
2010-09-21,-1.5246234735655
2010-09-22,-12.9592995253067
2010-09-23,-5.33618215747936
2010-09-24,19.0577934195687
2010-09-27,-6.09849389426188
2010-09-28,3.04924694713088
2010-09-29,-14.4839229988722
2010-09-30,-6.86080563104474
2010-10-01,1.52462347356538
2010-10-04,44.2140807333996
2010-10-05,12.9592995253068
2010-10-06,17.5331699460033
2010-10-07,6.09849389426188
2010-10-08,25.9185990506134
2010-10-11,9.14774084139299
2010-10-12,
2010-10-13,-10.6723643149583
2010-10-14,20.5824168931342
2010-10-15,-8.38542910461024
2010-10-18,6.09849389426199
2010-10-19,-42.6894572598341
2010-10-20,24.3939755770481
2010-10-21,12.9592995253067
2010-10-22,10.6723643149585
2010-10-25,15.246234735655
2010-10-26,16.0085464724377
2010-10-27,-9.91005257817574
2010-10-28,-0.762311736782749
2010-10-29,-6.86080563104474
2010-11-01,7.62311736782749
2010-11-02,15.246234735655
2010-11-03,57.1733802587064
2010-11-04,51.8371981012267
2010-11-05,26.6808345562229
2010-11-08,15.2463109668286
2010-11-09,-25.9185990506135
2010-11-10,42.6893810286604
2010-11-11,-1.52447101121811
2010-11-12,-23.6318163026126
2010-11-15,53.3618978059662
2010-11-16,-37.3532751023547
2010-11-17,12.9592995253065
2010-11-18,-42.6893810286604
2010-11-19,12.196987788524
2010-11-22,-6.09849389426176
2010-11-23,-38.1156630703115
2010-11-24,19.0577934195687
2010-11-26,11.4346760517415
2010-11-29,-3.04932317830458
2010-11-30,-9.14766461021941
2010-12-01,39.6401340815294
2010-12-02,24.3941280393951
2010-12-03,1.52447101121834
2010-12-06,-11.4345998205677
2010-12-07,-6.86088186221832
2010-12-08,9.91020504052312
2010-12-09,5.33610592630566
2010-12-10,-2.28693521034847
2010-12-13,-19.8201813875251
2010-12-14,-3.81148245273994
2010-12-15,9.90997634700193
2010-12-16,16.7709344403941
2010-12-17,2.28685897917467
2010-12-20,3.81163491508755
2010-12-21,10.6723643149583
2010-12-22,
2010-12-23,-16.0084702412641
2010-12-27,6.86080563104474
2010-12-28,-10.6724405461321
2010-12-29,0.762311736782749
2010-12-30,-3.81148245273994
2010-12-31,7.62311736782749
2011-01-03,35.0662636608329
2011-01-04,9.90997634700216
2011-01-05,38.87789857592
2011-01-06,25.1562873138309
2011-01-07,3.81163491508732
2011-01-10,3.04917071595742
2011-01-11,-2.28678274800109
2011-01-12,32.7792522193108
2011-01-13,-2.28685897917444
2011-01-14,-2.28693521034847
2011-01-18,3.81163491508778
2011-01-19,-60.985015173794
2011-01-20,-9.14766461021941
2011-01-21,12.9592995253072
2011-01-24,-1.52469970473953
2011-01-25,-3.04932317830458
2011-01-26,36.5911158279193
2011-01-27,32.0170929448755
2011-01-28,-192.102633900427
2011-01-31,-24.3939755770482
2011-02-01,-4.57387042069627
2011-02-02,-47.3532751023547
2011-02-03,
2011-02-04,
2011-02-07,
2011-02-08,
2011-02-09,
2011-02-10,
2011-02-11,
2011-02-14,
2011-02-15,
2011-02-16,
2011-02-17,
2011-02-18,
2011-02-22,
2011-02-23,
2011-02-24,
2011-02-25,
2011-02-28,
2011-03-01,
2011-03-02,
2011-03-03,
2011-03-04,
2011-03-07,
2011-03-08,
2011-03-09,
2011-03-10,
2011-03-11,
2011-03-14,
2011-03-15,
2011-03-16,
2011-03-17,
2011-03-18,
2011-03-21,
2011-03-22,
2011-03-23,
2011-03-24,
2011-03-25,
2011-03-28,
2011-03-29,
2011-03-30,
2011-03-31,
2011-04-01,-0.089947421824263
2011-04-04,29.7301577345272
2011-04-05,18.295481682786
2011-04-06,-4.57387042069627
2011-04-07,-15.2462347356552
2011-04-08,-15.246234735655
2011-04-11,-35.8286516287892
2011-04-12,3.81155868391374
2011-04-13,5.33618215747924
2011-04-14,-12.9592995253065
2011-04-15,-7.62311736782749
2011-04-18,-6.86080563104497
2011-04-19,3.049246947131
2011-04-20,32.7794046816582
2011-04-21,25.9185990506137
2011-04-25,8.38542910461001
2011-04-26,9.14774084139322
2011-04-27,-6.09849389426222
2011-04-28,-6.09849389426176
2011-04-29,-2.28693521034825
2011-05-02,-1.52462347356573
2011-05-03,-5.33618215747902
2011-05-04,-17.5331699460032
2011-05-05,-5.33618215747947
2011-05-06,2.28693521034825
2011-05-09,-2.28693521034825
2011-05-10,5.33618215747947
2011-05-11,
2011-05-12,8.38542910461001
2011-05-13,-13.7216112620895
2011-05-16,-6.18844131608603
2011-05-17,
2011-05-18,
2011-05-19,
2011-05-20,
2011-05-23,
2011-05-24,
2011-05-25,
2011-05-26,
2011-05-27,
2011-05-31,
2011-06-01,
2011-06-02,
2011-06-03,
2011-06-06,
2011-06-07,
2011-06-08,
2011-06-09,
2011-06-10,
2011-06-13,
2011-06-14,
2011-06-15,
2011-06-16,
2011-06-17,
2011-06-20,
2011-06-21,
2011-06-22,
2011-06-23,
2011-06-24,
2011-06-27,
2011-06-28,
2011-06-29,
2011-06-30,
2011-07-01,
2011-07-05,
2011-07-06,
2011-07-07,
2011-07-08,
2011-07-11,
2011-07-12,
2011-07-13,
2011-07-14,
2011-07-15,
2011-07-18,
2011-07-19,
2011-07-20,
2011-07-21,
2011-07-22,
2011-07-25,
2011-07-26,
2011-07-27,
2011-07-28,
2011-07-29,
2011-08-01,
2011-08-02,
2011-08-03,
2011-08-04,
2011-08-05,
2011-08-08,
2011-08-09,
2011-08-10,
2011-08-11,
2011-08-12,
2011-08-15,
2011-08-16,
2011-08-17,
2011-08-18,
2011-08-19,
2011-08-22,
2011-08-23,
2011-08-24,
2011-08-25,
2011-08-26,
2011-08-29,
2011-08-30,
2011-08-31,
2011-09-01,
2011-09-02,
2011-09-06,
2011-09-07,
2011-09-08,
2011-09-09,
2011-09-12,
2011-09-13,
2011-09-14,
2011-09-15,
2011-09-16,
2011-09-19,
2011-09-20,
2011-09-21,
2011-09-22,
2011-09-23,
2011-09-26,
2011-09-27,
2011-09-28,
2011-09-29,
2011-09-30,
2011-10-03,
2011-10-04,
2011-10-05,
2011-10-06,
2011-10-07,
2011-10-10,
2011-10-11,
2011-10-12,-11.5246234735655
2011-10-13,-3.049246947131
2011-10-14,16.7708582092206
2011-10-17,-12.1969877885241
2011-10-18,28.9678459977445
2011-10-19,-16.7708582092204
2011-10-20,10.6723643149585
2011-10-21,42.6894572598338
2011-10-24,19.0577934195687
2011-10-25,-6.09849389426188
2011-10-26,-42.6894572598341
2011-10-27,16.0085464724378
2011-10-28,-6.09849389426199
2011-10-31,-24.3939755770481
2011-11-01,-45.7387042069651
2011-11-02,5.33618215747936
2011-11-03,12.9592995253067
2011-11-04,-3.81155868391386
2011-11-07,-3.81155868391363
2011-11-08,29.7301577345271
2011-11-09,-43.4517689966167
2011-11-10,-3.81155868391374
2011-11-11,11.4346760517415
2011-11-14,-19.1477408413932
2011-11-15,
2011-11-16,
2011-11-17,
2011-11-18,
2011-11-21,
2011-11-22,
2011-11-23,
2011-11-25,
2011-11-28,
2011-11-29,
2011-11-30,
2011-12-01,
2011-12-02,
2011-12-05,
2011-12-06,
2011-12-07,
2011-12-08,
2011-12-09,
2011-12-12,
2011-12-13,-43.5417164184408
2011-12-14,-25.1562873138308
2011-12-15,7.62311736782749
2011-12-16,
2011-12-19,-17.5331699460032
2011-12-20,23.6316638402652
2011-12-21,15.1562873138308
2011-12-22,
2011-12-23,
2011-12-27,
2011-12-28,
2011-12-29,
2011-12-30,-9.28768826321686
2012-01-03,28.2055342609618
2012-01-04,12.9592995253068
2012-01-05,22.1070403666996
2012-01-06,9.1477408413931
2012-01-09,6.86080563104474
2012-01-10,
2012-01-11,20.5824168931341
2012-01-12,5.33618215747936
2012-01-13,-7.6231173678276
2012-01-17,-1.52462347356538
2012-01-18,24.393975577048
2012-01-19,20.5824168931342
2012-01-20,-1.5246234735655
2012-01-23,5.33618215747936
2012-01-24,12.196987788524
2012-01-25,8.38542910461013
2012-01-26,-10.6723643149586
2012-01-27,-40.5610876776233
2012-01-30,6.12242832869777
2012-01-31,9.94894603413411
2012-02-01,-6.88773186978506
2012-02-02,-5.3571247876107
2012-02-03,40.5610876776234
2012-02-06,13.0101601984832
2012-02-07,-6.12242832869799
2012-02-08,-3.06121416434894
2012-02-09,-11.4795531163086
2012-02-10,-19.1325885271808
2012-02-13,7.65303541087223
2012-02-14,-4.5918212465233
2012-02-15,-7.65303541087235
2012-02-16,27.5509274791406
2012-02-17,0.765303541087178
2012-02-21,-16.8366779039193
2012-02-22,-19.1325885271809
2012-02-23,9.18364249304705
2012-02-24,-13.0101601984832
2012-02-27,-4.6428752123893
2012-02-28,
2012-02-29,
2012-03-01,
2012-03-02,
2012-03-05,
2012-03-06,
2012-03-07,
2012-03-08,
2012-03-09,
2012-03-12,
2012-03-13,
2012-03-14,
2012-03-15,
2012-03-16,
2012-03-19,
2012-03-20,
2012-03-21,-13.1112141643484
2012-03-22,-19.1325885271809
2012-03-23,
2012-03-26,12.2448566573956
2012-03-27,-12.2448566573956
2012-03-28,
2012-03-29,13.7754637395702
2012-03-30,-11.5306070821746
2012-04-02,
2012-04-03,
2012-04-04,
2012-04-05,
2012-04-09,
2012-04-10,
2012-04-11,
2012-04-12,
2012-04-13,
2012-04-16,
2012-04-17,
2012-04-18,
2012-04-19,
2012-04-20,
2012-04-23,
2012-04-24,
2012-04-25,
2012-04-26,
2012-04-27,
2012-04-30,
2012-05-01,
2012-05-02,
2012-05-03,
2012-05-04,
2012-05-07,
2012-05-08,
2012-05-09,
2012-05-10,
2012-05-11,
2012-05-14,
2012-05-15,
2012-05-16,
2012-05-17,
2012-05-18,
2012-05-21,
2012-05-22,
2012-05-23,
2012-05-24,
2012-05-25,
2012-05-29,
2012-05-30,
2012-05-31,
2012-06-01,
2012-06-04,
2012-06-05,
2012-06-06,
2012-06-07,
2012-06-08,
2012-06-11,
2012-06-12,
2012-06-13,
2012-06-14,
2012-06-15,
2012-06-18,
2012-06-19,2.24786469487367
2012-06-20,6.91754889086644
2012-06-21,-29.2074286503249
2012-06-22,-6.14893234743681
2012-06-25,-13.8350977817329
2012-06-26,-10
2012-06-27,
2012-06-28,
2012-06-29,
2012-07-02,
2012-07-03,
2012-07-05,
2012-07-06,
2012-07-09,
2012-07-10,
2012-07-11,
2012-07-12,
2012-07-13,
2012-07-16,
2012-07-17,
2012-07-18,
2012-07-19,
2012-07-20,
2012-07-23,
2012-07-24,
2012-07-25,
2012-07-26,
2012-07-27,
2012-07-30,
2012-07-31,
2012-08-01,
2012-08-02,
2012-08-03,
2012-08-06,
2012-08-07,
2012-08-08,
2012-08-09,
2012-08-10,
2012-08-13,
2012-08-14,
2012-08-15,
2012-08-16,-15.4595884688821
2012-08-17,3.09119341078986
2012-08-20,
2012-08-21,-7.72798352697464
2012-08-22,-3.09119341078974
2012-08-23,-3.09119341078986
2012-08-24,3.09119341078986
2012-08-27,-7.72798352697441
2012-08-28,-3.86399176348732
2012-08-29,-1.54559670539481
2012-08-30,-0.772798352697464
2012-08-31,2.31839505809228
2012-09-04,5.40958846888225
2012-09-05,12.3647736431591
2012-09-06,27.0479423444107
2012-09-07,17.0015637593439
2012-09-10,-2.31839505809239
2012-09-11,3.09119341078986
2012-09-12,4.63679011618467
2012-09-13,10.0463785850667
2012-09-14,14.6831687012515
2012-09-17,-10.819176937764
2012-09-18,2.31839505809216
2012-09-19,13.1375719958565
2012-09-20,-11.5919752904616
2012-09-21,-3.09119341078963
2012-09-24,-6.18238682157971
2012-09-25,-17.7743621120413
2012-09-26,-6.1823868215796
2012-09-27,0.772798352697464
2012-09-28,-12.3647736431592
2012-10-01,5.40958846888225
2012-10-02,-10.8191769377644
2012-10-03,11.5919752904617
2012-10-04,13.1375719958567
2012-10-05,3.86399176348732
2012-10-08,-8.50078187967199
2012-10-09,3.86399176348721
2012-10-10,-19.2735802323693
2012-10-11,
2012-10-12,
2012-10-15,
2012-10-16,
2012-10-17,
2012-10-18,
2012-10-19,
2012-10-22,
2012-10-23,
2012-10-24,
2012-10-25,
2012-10-26,
2012-10-31,25.7211234686223
2012-11-01,6.98891546125219
2012-11-02,-6.21236929889085
2012-11-05,6.21236929889085
2012-11-06,13.201284760143
2012-11-07,-27.9556618450086
2012-11-08,-12.4247385977818
2012-11-09,2.32963848708414
2012-11-12,3.10618464944548
2012-11-13,2.32963848708403
2012-11-14,-25.6260233579247
2012-11-15,-7.76546162361342
2012-11-16,-5.43582313652962
2012-11-19,25.6260233579249
2012-11-20,1.55309232472257
2012-11-21,5.43582313652951
2012-11-23,13.9778309225044
2012-11-26,0.776546162361342
2012-11-27,-0.776546162361342
2012-11-28,11.6481924354202
2012-11-29,21.7432925461178
2012-11-30,-6.21236929889085
2012-12-03,-3.10618464944525
2012-12-04,-7.76546162361342
2012-12-05,
2012-12-06,-5.43582313652962
2012-12-07,18.6371078966724
2012-12-10,-0.776546162361342
2012-12-11,1.5530923247228
2012-12-12,-1.5530923247228
2012-12-13,-15.5309232472271
2012-12-14,-13.2012847601429
2012-12-17,22.5198387084794
2012-12-18,21.7432925461178
2012-12-19,4.65927697416805
2012-12-20,3.10618464944548
2012-12-21,6.98891546125219
2012-12-24,41.933492767513
2012-12-26,30.2853003320927
2012-12-27,-2.32963848708403
2012-12-28,8.54200778597487
2012-12-31,6.21236929889085
2013-01-02,19.4136540590339
2013-01-03,20.1902002213951
2013-01-04,8.54200778597487
2013-01-07,-10.8716462730588
2013-01-08,-6.21236929889096
2013-01-09,9.31855394833633
2013-01-10,27.9556618450088
2013-01-11,13.2012847601429
2013-01-14,-0.776546162361228
2013-01-15,24.0729310332019
2013-01-16,-6.21236929889096
2013-01-17,
2013-01-18,-8.54200778597487
2013-01-22,4.65927697416828
2013-01-23,-22.5198387084793
2013-01-24,-0.776546162361456
2013-01-25,-14.7543770848656
2013-01-28,15.6452893977958
2013-01-29,-50.0649260729465
2013-01-30,-16.4275538676856
2013-01-31,1.56452893977962
2013-02-01,5.47585128922844
2013-02-04,-10.9517025784569
2013-02-05,23.4679340966936
2013-02-06,-8.43547106022038
2013-02-07,
2013-02-08,
2013-02-11,
2013-02-12,
2013-02-13,
2013-02-14,
2013-02-15,
2013-02-19,
2013-02-20,
2013-02-21,
2013-02-22,
2013-02-25,
2013-02-26,
2013-02-27,
2013-02-28,
2013-03-01,
2013-03-04,
2013-03-05,
2013-03-06,
2013-03-07,
2013-03-08,
2013-03-11,
2013-03-12,
2013-03-13,
2013-03-14,
2013-03-15,
2013-03-18,
2013-03-19,
2013-03-20,
2013-03-21,
2013-03-22,
2013-03-25,
2013-03-26,
2013-03-27,
2013-03-28,
2013-04-01,
2013-04-02,
2013-04-03,
2013-04-04,
2013-04-05,
2013-04-08,
2013-04-09,
2013-04-10,
2013-04-11,
2013-04-12,
2013-04-15,
2013-04-16,
2013-04-17,
2013-04-18,
2013-04-19,
2013-04-22,
2013-04-23,
2013-04-24,-21.733967048347
2013-04-25,10.9517025784571
2013-04-26,15.6452893977958
2013-04-29,-0.782264469889697
2013-04-30,3.91132234944894
2013-05-01,-18.1242803299299
2013-05-02,2.36403656477341
2013-05-03,33.0965119068287
2013-05-06,20.4883168947033
2013-05-07,7.88012188257812
2013-05-08,1.57602437651576
2013-05-09,-0.788012188257881
2013-05-10,-7.09210969432024
2013-05-13,-7.88012188257835
2013-05-14,20.4883168947035
2013-05-15,31.5204875303129
2013-05-16,-2.36403656477341
2013-05-17,34.6725362833442
2013-05-20,-2.36403656477364
2013-05-21,-7.88012188257812
2013-05-22,1.57602437651576
2013-05-23,-12.6081950121252
2013-05-24,-1.57602437651576
2013-05-28,38.6125972246334
2013-05-29,27.5804265890238
2013-05-30,21.2763290829612
2013-05-31,-17.336268141672
2013-06-03,16.5482559534144
2013-06-04,-8.66813407083623
2013-06-05,-41.7646459776645
2013-06-06,14.9722315768986
2013-06-07,22.8523534594769
2013-06-10,-1.57602437651553
2013-06-11,-15.7602437651567
2013-06-12,-11.0321706356094
2013-06-13,16.5482559534141
2013-06-14,-16.5482559534141
2013-06-17,14.1842193886409
2013-06-18,7.88012188257812
2013-06-19,-26.0044022125082
2013-06-20,-39.4006094128911
2013-06-21,14.1842193886407
2013-06-24,-26.0044022125082
2013-06-25,23.6403656477348
2013-06-26,15.2163900242501
2013-06-27,
2013-06-28,
2013-07-01,
2013-07-02,
2013-07-03,
2013-07-05,
2013-07-08,-13.15212755425
2013-07-09,2.36411536599212
2013-07-10,-9.45622506031259
2013-07-11,20.4883956959222
2013-07-12,10.2442372485705
2013-07-15,0.788012188257881
2013-07-16,-40.9767125906255
2013-07-17,14.1842981898592
2013-07-18,11.8201040226486
2013-07-19,-13.3962072003826
2013-07-22,22.0644200724378
2013-07-23,-7.88012188257858
2013-07-24,33.8845240950866
2013-07-25,-32.3086573210082
2013-07-26,4.72815193076553
2013-07-29,4.72807312954706
2013-07-30,
2013-07-31,-7.92660940396058
2013-08-01,24.5724019604465
2013-08-02,24.572164164543
2013-08-05,-24.572164164543
2013-08-06,-12.6824482218549
2013-08-07,-20.6090576258157
2013-08-08,16.6457132911846
2013-08-09,3.17061205546361
2013-08-12,3.96326506932996
2013-08-13,-0.79273227916724
2013-08-14,-13.4751012357212
2013-08-15,-36.4619593725317
2013-08-16,-10.3045684455585
2013-08-19,-24.2675957189842
2013-08-20,
2013-08-21,
2013-08-22,
2013-08-23,
2013-08-26,
2013-08-27,
2013-08-28,
2013-08-29,
2013-08-30,
2013-09-03,
2013-09-04,
2013-09-05,
2013-09-06,
2013-09-09,
2013-09-10,
2013-09-11,
2013-09-12,
2013-09-13,
2013-09-16,-28.2810193189162
2013-09-17,7.13395639009445
2013-09-18,15.0602487328504
2013-09-19,2.37803830689904
2013-09-20,-21.4017106396818
2013-09-23,-15.0602487328499
2013-09-24,4.75583881789453
2013-09-25,-5.54849183176066
2013-09-26,6.34114484562633
2013-09-27,-17.4384455703521
2013-09-30,-14.2675957189842
2013-10-01,25.36489644371
2013-10-02,1.58514749712936
2013-10-03,-20.6088198299117
2013-10-04,11.0970629288217
2013-10-07,-22.1943636535477
2013-10-08,-24.5721641645428
2013-10-09,-0.488084568307386
2013-10-10,
2013-10-11,
2013-10-14,
2013-10-15,
2013-10-16,
2013-10-17,
2013-10-18,
2013-10-21,
2013-10-22,
2013-10-23,-22.7324482218555
2013-10-24,19.0236723327826
2013-10-25,-12.6824482218549
2013-10-28,-2.37795904159793
2013-10-29,3.17069132076517
2013-10-30,-13.5521375526012
2013-10-31,-18.3350573523728
2013-11-01,-17.5381166337102
2013-11-04,8.76905831685508
2013-11-05,7.17461885361899
2013-11-06,-14.3492377072382
2013-11-07,-28.6985551324638
2013-11-08,23.9154758967179
2013-11-11,-6.81136022749001
2013-11-12,
2013-11-13,
2013-11-14,
2013-11-15,
2013-11-18,
2013-11-19,
2013-11-20,
2013-11-21,
2013-11-22,
2013-11-25,
2013-11-26,
2013-11-27,
2013-11-29,
2013-12-02,
2013-12-03,
2013-12-04,
2013-12-05,
2013-12-06,
2013-12-09,
2013-12-10,
2013-12-11,
2013-12-12,
2013-12-13,
2013-12-16,
2013-12-17,
2013-12-18,
2013-12-19,
2013-12-20,
2013-12-23,
2013-12-24,
2013-12-26,
2013-12-27,
2013-12-30,
2013-12-31,
2014-01-02,
2014-01-03,
2014-01-06,
2014-01-07,
2014-01-08,
2014-01-09,
2014-01-10,
2014-01-13,
2014-01-14,
2014-01-15,
2014-01-16,
2014-01-17,-30.7267564062201
2014-01-21,-8.76897859886776
2014-01-22,11.1604384987536
2014-01-23,-9.56607875350483
2014-01-24,-47.8307923574607
2014-01-27,-9.56615847149214
2014-01-28,0.797179872624383
2014-01-29,-26.9195809247476
2014-01-30,-0.803569579843042
2014-01-31,-23.3035178154528
2014-02-03,-32.9463527735716
2014-02-04,25.7142265549826
2014-02-05,-21.2499741178049
2014-02-06,
2014-02-07,
2014-02-10,
2014-02-11,
2014-02-12,
2014-02-13,
2014-02-14,
2014-02-18,
2014-02-19,
2014-02-20,
2014-02-21,
2014-02-24,
2014-02-25,
2014-02-26,
2014-02-27,
2014-02-28,
2014-03-03,
2014-03-04,
2014-03-05,
2014-03-06,-14.0178478992159
2014-03-07,-4.01784789921612
2014-03-10,-8.83926537827506
2014-03-11,-16.8749611767071
2014-03-12,8.03569579843179
2014-03-13,-17.6785307565506
2014-03-14,-8.03569579843202
2014-03-17,16.0713915968643
2014-03-18,16.8749611767071
2014-03-19,-0.803569579843042
2014-03-20,5.62498705890243
2014-03-21,-6.4285566387457
2014-03-24,-6.42855663874548
2014-03-25,-4.82141747905939
2014-03-26,-6.42855663874548
2014-03-27,
2014-03-28,16.0713915968638
2014-03-31,12.0535436976481
2014-04-01,57.8570097487107
2014-04-02,11.2498937608468
2014-04-03,-5.62498705890243
2014-04-04,-20.8928090759232
2014-04-07,-15.2677416600629
2014-04-08,12.8571132774914
2014-04-09,-20.8928090759234
2014-04-10,-16.8749611767073
2014-04-11,
2014-04-14,5.62498705890221
2014-04-15,11.2499741178051
2014-04-16,18.4821003363936
2014-04-17,-5.62498705890243
2014-04-21,-1.60713915968631
2014-04-22,9.64283495811856
2014-04-23,10.4464045379614
2014-04-24,7.23212621858897
2014-04-25,-43.3927573115329
2014-04-28,15.2678220170208
2014-04-29,12.053624054606
2014-04-30,12.5525851683728
2014-05-01,-19.4363863019082
2014-05-02,-0.809849429246015
2014-05-05,-12.957590867939
2014-05-06,-14.577289726431
2014-05-07,-8.09849429246174
2014-05-08,28.344730023616
2014-05-09,-13.2393977169847
2014-05-12,
2014-05-13,
2014-05-14,
2014-05-15,
2014-05-16,
2014-05-19,
2014-05-20,
2014-05-21,
2014-05-22,
2014-05-23,
2014-05-27,-4.33105399527676
2014-05-28,12.1476604537497
2014-05-29,18.6266988425477
2014-05-30,-8.09849429246174
2014-06-02,
2014-06-03,8.90818175182221
2014-06-04,19.436548271794
2014-06-05,-8.90842470665075
2014-06-06,32.3939771698467
2014-06-09,-6.47879543396925
2014-06-10,0.809849429246242
2014-06-11,-8.90834372170798
2014-06-12,-30.7742783113547
2014-06-13,3.23931673204197
2014-06-16,5.66894600472324
2014-06-17,12.9577528378245
2014-06-18,3.23931673204174
2014-06-19,-4.04916616128799
2014-06-20,-8.90842470665052
2014-06-23,17.0067570292265
2014-06-24,7.28864486321572
2014-06-25,18.6266988425477
2014-06-26,
2014-06-27,6.47879543396925
2014-06-30,-3.23947870192751
2014-07-01,-2.4296292726815
2014-07-02,0.809849429246469
2014-07-03,8.09857527740451
2014-07-07,
2014-07-08,-17.0067570292267
2014-07-09,25.9151007509347
2014-07-10,-10.5281235651432
2014-07-11,13.767440297185
2014-07-14,6.47879543396925
2014-07-15,-0.809687459360021
2014-07-16,21.0559231905145
2014-07-17,-4.85901559053423
2014-07-18,-1.61977984343503
2014-07-21,-1.61953688860672
2014-07-22,9.71811216601122
2014-07-23,-3.23931673204197
2014-07-24,4.85901559053445
2014-07-25,-17.816606458473
2014-07-28,1.61953688860626
2014-07-29,-5.66886501978024
2014-07-30,1.22339689322666
2014-07-31,-35.8886198828425
2014-08-01,-17.1287799836291
2014-08-04,17.1287799836291
2014-08-05,-12.2347030193398
2014-08-06,8.9720937967877
2014-08-07,-23.0504368902082
2014-08-08,
2014-08-11,
2014-08-12,
2014-08-13,
2014-08-14,
2014-08-15,
2014-08-18,
2014-08-19,
2014-08-20,
2014-08-21,
2014-08-22,
2014-08-25,
2014-08-26,-18.2065230563796
2014-08-27,13.8660891958466
2014-08-28,4.89383226859763
2014-08-29,-0.815652305637968
2014-09-02,15.4973938071223
2014-09-03,-10.6035615385249
2014-09-04,-16.3129645475299
2014-09-05,-10.6035615385249
2014-09-08,-27.7321783916927
2014-09-09,-13.8660891958461
2014-09-10,
2014-09-11,-7.55296151785546
2014-09-12,
2014-09-15,
2014-09-16,
2014-09-17,
2014-09-18,
2014-09-19,
2014-09-22,
2014-09-23,
2014-09-24,
2014-09-25,
2014-09-26,
2014-09-29,
2014-09-30,
2014-10-01,
2014-10-02,
2014-10-03,
2014-10-06,
2014-10-07,
2014-10-08,
2014-10-09,
2014-10-10,
2014-10-13,
2014-10-14,
2014-10-15,
2014-10-16,
2014-10-17,
2014-10-20,
2014-10-21,
2014-10-22,
2014-10-23,
2014-10-24,
2014-10-27,
2014-10-28,
2014-10-29,
2014-10-30,
2014-10-31,
2014-11-03,
2014-11-04,
2014-11-05,
2014-11-06,
2014-11-07,
2014-11-10,
2014-11-11,3.93958482459448
2014-11-12,17.2812518421463
2014-11-13,28.8020864035771
2014-11-14,17.281251842146
2014-11-17,32.9166701755166
2014-11-18,-3.29166701755162
2014-11-19,-4.93750052632754
2014-11-20,1.64583350877615
2014-11-21,-2.46875026316411
2014-11-24,19.7500021053102
2014-11-25,0.822916754387961
2014-11-26,-5.7604172807155
2014-11-28,9.87500105265508
2014-12-01,3.29166701755162
2014-12-02,10.6979178070428
2014-12-03,9.05208429826735
2014-12-04,-16.4583350877585
2014-12-05,-9.05208429826712
2014-12-08,-22.2187523684738
2014-12-09,
2014-12-10,-22.2187523684736
2014-12-11,9.87500105265485
2014-12-12,-23.8645858772493
2014-12-15,-58.4270895615421
2014-12-16,-15.6354183333704
2014-12-17,29.6250031579648
2014-12-18,19.625003157965
2014-12-19,
2014-12-22,
2014-12-23,
2014-12-24,
2014-12-26,
2014-12-29,
2014-12-30,
2014-12-31,
2015-01-02,
2015-01-05,
2015-01-06,
2015-01-07,
2015-01-08,
2015-01-09,
2015-01-12,
2015-01-13,
2015-01-14,
2015-01-15,
2015-01-16,
2015-01-20,
2015-01-21,
2015-01-22,
2015-01-23,
2015-01-26,
2015-01-27,
2015-01-28,
2015-01-29,
2015-01-30,
2015-02-02,
2015-02-03,
2015-02-04,
2015-02-05,
2015-02-06,
2015-02-09,-18.3631386412642
2015-02-10,14.1323356901516
2015-02-11,13.3010218260251
2015-02-12,9.14453563677853
2015-02-13,-4.98804944753238
2015-02-17,-15.7947971556318
2015-02-18,8.31297237849299
2015-02-19,18.2889881421709
2015-02-20,-2.49394159238
2015-02-23,-1.66271085963922
2015-02-24,-1.66246146548042
2015-02-25,12.4696248305122
2015-02-26,-10.8071633650318
2015-02-27,-3.32517232512009
2015-03-02,19.1202188749112
2015-03-03,-33.2525545650626
2015-03-04,-11.6383109663857
2015-03-05,6.65051091301257
2015-03-06,-14.9637326856646
2015-03-09,8.31322177265201
2015-03-10,-25.7708129193097
2015-03-11,2.49394159237931
2015-03-12,34.9151822933161
2015-03-13,2.49402472376619
2015-03-16,24.1080189282839
2015-03-17,-18.313221772652
2015-03-18,
2015-03-19,
2015-03-20,
2015-03-23,
2015-03-24,
2015-03-25,
2015-03-26,
2015-03-27,
2015-03-30,
2015-03-31,
2015-04-01,
2015-04-02,
2015-04-06,
2015-04-07,
2015-04-08,
2015-04-09,
2015-04-10,
2015-04-13,
2015-04-14,
2015-04-15,
2015-04-16,
2015-04-17,
2015-04-20,
2015-04-21,
2015-04-22,
2015-04-23,
2015-04-24,
2015-04-27,
2015-04-28,
2015-04-29,
2015-04-30,
2015-05-01,
2015-05-04,
2015-05-05,
2015-05-06,
2015-05-07,
2015-05-08,
2015-05-11,
2015-05-12,
2015-05-13,
2015-05-14,
2015-05-15,
2015-05-18,
2015-05-19,
2015-05-20,
2015-05-21,
2015-05-22,
2015-05-26,
2015-05-27,
2015-05-28,
2015-05-29,
2015-06-01,
2015-06-02,
2015-06-03,
2015-06-04,
2015-06-05,
2015-06-08,
2015-06-09,
2015-06-10,
2015-06-11,
2015-06-12,
2015-06-15,
2015-06-16,
2015-06-17,
2015-06-18,
2015-06-19,
2015-06-22,
2015-06-23,
2015-06-24,
2015-06-25,
2015-06-26,
2015-06-29,
2015-06-30,
2015-07-01,
2015-07-02,
2015-07-06,
2015-07-07,
2015-07-08,
2015-07-09,
2015-07-10,
2015-07-13,
2015-07-14,
2015-07-15,
2015-07-16,
2015-07-17,
2015-07-20,
2015-07-21,
2015-07-22,
2015-07-23,
2015-07-24,
2015-07-27,
2015-07-28,
2015-07-29,
2015-07-30,
2015-07-31,
2015-08-03,
2015-08-04,
2015-08-05,-27.004519108033
2015-08-06,2.54317786620527
2015-08-07,-2.54317786620527
2015-08-10,16.1067931526331
2015-08-11,-24.5840527066507
2015-08-12,-1.69545191080329
2015-08-13,2.54317786620527
2015-08-14,5.93408168781207
2015-08-17,-8.47725955401734
2015-08-18,12.7158893310261
2015-08-19,-5.08635573241054
2015-08-20,-28.8226824836593
2015-08-21,-48.3203794578992
2015-08-24,-66.7976390119168
2015-08-25,
2015-08-26,
2015-08-27,
2015-08-28,
2015-08-31,
2015-09-01,
2015-09-02,
2015-09-03,
2015-09-04,
2015-09-08,
2015-09-09,
2015-09-10,
2015-09-11,
2015-09-14,
2015-09-15,
2015-09-16,
2015-09-17,
2015-09-18,
2015-09-21,
2015-09-22,
2015-09-23,
2015-09-24,
2015-09-25,
2015-09-28,
2015-09-29,
2015-09-30,
2015-10-01,
2015-10-02,
2015-10-05,
2015-10-06,
2015-10-07,
2015-10-08,
2015-10-09,-15.0863557324103
2015-10-12,0.847725955401756
2015-10-13,-3.39090382160703
2015-10-14,5.9340816878123
2015-10-15,17.8022450634364
2015-10-16,5.08635573241054
2015-10-19,6.78180764321382
2015-10-20,1.69545191080351
2015-10-21,2.54317786620527
2015-10-22,14.4113412418296
2015-10-23,7.62953359861558
2015-10-26,0.847725955401756
2015-10-27,-66.9703504767374
2015-10-28,19.6961131578314
2015-10-29,-20.5524659038242
2015-10-30,6.85082196794156
2015-11-02,-5.13811647595617
2015-11-03,5.13811647595617
2015-11-04,-13.7016439358829
2015-11-05,-6.85082196794133
2015-11-06,-4.28176372996336
2015-11-09,-16.2707021738606
2015-11-10,-4.28176372996336
2015-11-11,-7.43094176202203
2015-11-12,
2015-11-13,
2015-11-16,
2015-11-17,
2015-11-18,
2015-11-19,
2015-11-20,
2015-11-23,
2015-11-24,
2015-11-25,
2015-11-27,
2015-11-30,
2015-12-01,
2015-12-02,
2015-12-03,
2015-12-04,
2015-12-07,
2015-12-08,
2015-12-09,
2015-12-10,
2015-12-11,
2015-12-14,
2015-12-15,
2015-12-16,
2015-12-17,
2015-12-18,
2015-12-21,
2015-12-22,
2015-12-23,
2015-12-24,
2015-12-28,
2015-12-29,
2015-12-30,
2015-12-31,
2016-01-04,
2016-01-05,
2016-01-06,
2016-01-07,
2016-01-08,
2016-01-11,
2016-01-12,
2016-01-13,
2016-01-14,
2016-01-15,
2016-01-19,
2016-01-20,
2016-01-21,
2016-01-22,
2016-01-25,
2016-01-26,
2016-01-27,
2016-01-28,
2016-01-29,
2016-02-01,
2016-02-02,
2016-02-03,
2016-02-04,
2016-02-05,
2016-02-08,
2016-02-09,
2016-02-10,
2016-02-11,
2016-02-12,
2016-02-16,
2016-02-17,
2016-02-18,
2016-02-19,
2016-02-22,
2016-02-23,
2016-02-24,
2016-02-25,
2016-02-26,
2016-02-29,
2016-03-01,-3.06432061709643
2016-03-02,11.2704789972181
2016-03-03,27.7427175316138
2016-03-04,4.33479961431476
2016-03-07,2.60087976858858
2016-03-08,-33.8114369916541
2016-03-09,-3.4678396914519
2016-03-10,-3.46783969145167
2016-03-11,12.137438920081
2016-03-14,-1.73391984572595
2016-03-15,-3.46783969145145
2016-03-16,23.4079179172991
2016-03-17,-2.60087976858881
2016-03-18,14.73831868867
2016-03-21,1.73391984572572
2016-03-22,-6.06871946004048
2016-03-23,-28.6096774544769
2016-03-24,-17.3391984572586
2016-03-28,2.60087976858881
2016-03-29,9.53655915149216
2016-03-30,13.0043988429441
2016-03-31,13.0043988429441
2016-04-01,-34.6783969145174
2016-04-04,-26.0087976858879
2016-04-05,-2.60087976858881
2016-04-06,4.33479961431453
2016-04-07,-36.0087976858879
2016-04-08,
2016-04-11,
2016-04-12,
2016-04-13,
2016-04-14,
2016-04-15,
2016-04-18,
2016-04-19,
2016-04-20,
2016-04-21,
2016-04-22,
2016-04-25,
2016-04-26,-12.6508797685879
2016-04-27,5.25913188501409
2016-04-28,37.6904451759344
2016-04-29,-46.4556649842914
2016-05-02,5.25913188501409
2016-05-03,-16.6539176358779
2016-05-04,-10.5182637700284
2016-05-05,0.876521980835605
2016-05-06,10.5182637700284
2016-05-09,-10.5182637700284
2016-05-10,14.9008736742067
2016-05-11,-14.9008736742067
2016-05-12,2.62956594250704
2016-05-13,-11.3947857508638
2016-05-16,8.76521980835673
2016-05-17,-15.777395655042
2016-05-18,1.75304396167121
2016-05-19,-6.13565386584992
2016-05-20,8.76521980835696
2016-05-23,-15.2591318850141
2016-05-24,
2016-05-25,
2016-05-26,
2016-05-27,
2016-05-31,
2016-06-01,
2016-06-02,
2016-06-03,
2016-06-06,
2016-06-07,
2016-06-08,
2016-06-09,
2016-06-10,
2016-06-13,
2016-06-14,
2016-06-15,
2016-06-16,
2016-06-17,
2016-06-20,
2016-06-21,
2016-06-22,
2016-06-23,
2016-06-24,
2016-06-27,
2016-06-28,
2016-06-29,
2016-06-30,
2016-07-01,
2016-07-05,
2016-07-06,
2016-07-07,
2016-07-08,
2016-07-11,
2016-07-12,
2016-07-13,
2016-07-14,
2016-07-15,
2016-07-18,-11.8030439616698
2016-07-19,
2016-07-20,7.88869782752136
2016-07-21,15.777395655042
2016-07-22,-7.0121758466853
2016-07-25,-0.876521980835605
2016-07-26,15.9503934144177
2016-07-27,-1.77226593493538
2016-07-28,-100.133025323845
2016-07-29,-4.43066483733833
2016-08-01,-15.9503934144177
2016-08-02,-47.8511802432536
2016-08-03,16.8365263818857
2016-08-04,-4.43066483733833
2016-08-05,-0.252537357855999
2016-08-08,
2016-08-09,
2016-08-10,
2016-08-11,
2016-08-12,
2016-08-15,
2016-08-16,
2016-08-17,
2016-08-18,
2016-08-19,
2016-08-22,
2016-08-23,
2016-08-24,
2016-08-25,
2016-08-26,
2016-08-29,
2016-08-30,
2016-08-31,
2016-09-01,
2016-09-02,
2016-09-06,
2016-09-07,-7.39160109759769
2016-09-08,2.65839890240318
2016-09-09,-31.0146538613678
2016-09-12,28.3562549589647
2016-09-13,-28.3562549589647
2016-09-14,-21.2671912192238
2016-09-15,-2.65839890240295
2016-09-16,
2016-09-19,
2016-09-20,-9.74746264214423
2016-09-21,-2.02480329279115
2016-09-22,
2016-09-23,
2016-09-26,
2016-09-27,
2016-09-28,
2016-09-29,
2016-09-30,
2016-10-03,
2016-10-04,
2016-10-05,
2016-10-06,
2016-10-07,
2016-10-10,
2016-10-11,
2016-10-12,
2016-10-13,
2016-10-14,
2016-10-17,
2016-10-18,
2016-10-19,
2016-10-20,
2016-10-21,
2016-10-24,
2016-10-25,
2016-10-26,
2016-10-27,
2016-10-28,
2016-10-31,
2016-11-01,
2016-11-02,
2016-11-03,
2016-11-04,
2016-11-07,
2016-11-08,
2016-11-09,
2016-11-10,
2016-11-11,
2016-11-14,
2016-11-15,
2016-11-16,
2016-11-17,
2016-11-18,
2016-11-21,
2016-11-22,
2016-11-23,-15.4330369801164
2016-11-25,12.5604196202682
2016-11-28,-10.76607396023
2016-11-29,
2016-11-30,3.5886913200768
2016-12-01,42.1671230109007
2016-12-02,-17.046283770364
2016-12-05,17.9434566003829
2016-12-06,10.7660739602302
2016-12-07,44.8586415009581
2016-12-08,-2.69151849005766
2016-12-09,12.5604196202685
2016-12-12,-31.4010490506707
2016-12-13,-4.48586415009595
2016-12-14,-21.5321479204599
2016-12-15,4.48586415009595
2016-12-16,4.48586415009595
2016-12-19,2.69151849005721
2016-12-20,10.7660739602302
2016-12-21,-12.5604196202682
2016-12-22,-21.5321479204601
2016-12-23,5.38303698011509
2016-12-27,-6.28020981013401
2016-12-28,-12.5604196202685
2016-12-29,-1.79434566003829
2016-12-30,-8.97172830019144
2017-01-03,41.2699501808813
2017-01-04,52.0360241411115
2017-01-05,-35.8869132007667
2017-01-06,-0.897172830018917
2017-01-09,-11.6632467902491
2017-01-10,19.7378022604214
2017-01-11,-16.1491109403448
2017-01-12,-7.17738264015338
2017-01-13,3.5886913200768
2017-01-17,-1.79434566003852
2017-01-18,-4.53986733007287
2017-01-19,1.81594693202896
2017-01-20,-6.35581426210183
2017-01-23,-14.5398673300729
2017-01-24,
2017-01-25,-2.73621227188346
2017-01-26,-38.1348855726123
2017-01-27,10.8956815921749
2017-01-30,-10.8956815921749
2017-01-31,-0.907973466014482
2017-02-01,-3.63189386405838
2017-02-02,-3.63189386405838
2017-02-03,15.4232570484082
2017-02-06,
2017-02-07,
2017-02-08,
2017-02-09,
2017-02-10,
2017-02-13,
2017-02-14,
2017-02-15,
2017-02-16,
2017-02-17,
2017-02-21,-5.5101326699305
2017-02-22,-1.81594693202919
2017-02-23,-9.98770812616044
2017-02-24,-8.17176119413102
2017-02-27,17.2514958542768
2017-02-28,-11.8036550581894
2017-03-01,14.5275754562333
2017-03-02,-2.7239203980439
2017-03-03,-0.907973466014482
2017-03-06,-11.8036550581894
2017-03-07,-5.44784079608758
2017-03-08,6.35581426210206
2017-03-09,-2.72392039804367
2017-03-10,2.72392039804367
2017-03-13,0.907973466014482
2017-03-14,0.90797346601471
2017-03-15,9.07973466014573
2017-03-16,4.53986733007287
2017-03-17,-19.9754162523207
2017-03-20,-28.1594693202917
2017-03-21,
2017-03-22,
2017-03-23,
2017-03-24,
2017-03-27,
2017-03-28,
2017-03-29,
2017-03-30,
2017-03-31,
2017-04-03,
2017-04-04,
2017-04-05,
2017-04-06,
2017-04-07,
2017-04-10,
2017-04-11,
2017-04-12,
2017-04-13,
2017-04-17,
2017-04-18,
2017-04-19,
2017-04-20,
2017-04-21,
2017-04-24,
2017-04-25,
2017-04-26,
2017-04-27,
2017-04-28,
2017-05-01,
2017-05-02,
2017-05-03,
2017-05-04,
2017-05-05,
2017-05-08,
2017-05-09,
2017-05-10,
2017-05-11,
2017-05-12,
2017-05-15,
2017-05-16,
2017-05-17,
2017-05-18,
2017-05-19,
2017-05-22,
2017-05-23,
2017-05-24,
2017-05-25,
2017-05-26,
2017-05-30,
2017-05-31,
2017-06-01,
2017-06-02,
2017-06-05,
2017-06-06,
2017-06-07,
2017-06-08,
2017-06-09,
2017-06-12,-2.68831755856809
2017-06-13,-0.920210305179125
2017-06-14,-4.60105152589585
2017-06-15,1.84042061035848
2017-06-16,-1.84042061035848
2017-06-19,1.84042061035848
2017-06-20,-11.0425236621506
2017-06-21,-7.36168244143357
2017-06-22,8.28189274661293
2017-06-23,-8.28189274661293
2017-06-26,12.8829442725088
2017-06-27,-9.20210305179194
2017-06-28,0.920210305179353
2017-06-29,7.36168244143346
2017-06-30,1.84042061035825
2017-07-03,24.0477812916304
2017-07-05,
2017-07-06,
2017-07-07,
2017-07-10,
2017-07-11,
2017-07-12,
2017-07-13,
2017-07-14,-10.97021030518
2017-07-17,5.52126183107498
2017-07-18,0.920210305179125
2017-07-19,7.36168244143391
2017-07-20,1.86405614901855
2017-07-21,-15.8444772666601
2017-07-24,-22.3686737882256
2017-07-25,-1.86405614901878
2017-07-26,-19.5725895646974
2017-07-27,11.1843368941129
2017-07-28,-0.932028074509617
2017-07-31,4.66014037254718
2017-08-01,-25.1647580117542
2017-08-02,4.66014037254718
2017-08-03,-6.52419652156595
2017-08-04,-8.13594385098122
2017-08-07,
2017-08-08,
2017-08-09,
2017-08-10,
2017-08-11,
2017-08-14,
2017-08-15,
2017-08-16,
2017-08-17,
2017-08-18,
2017-08-21,
2017-08-22,
2017-08-23,
2017-08-24,
2017-08-25,
2017-08-28,
2017-08-29,
2017-08-30,
2017-08-31,
2017-09-01,
2017-09-05,
2017-09-06,0.202308819598557
2017-09-07,-9.3202807450939
2017-09-08,-3.72811229803801
2017-09-11,4.66014037254718
2017-09-12,16.7765053411692
2017-09-13,2.7960842235284
2017-09-14,-5.59216844705634
2017-09-15,5.59216844705634
2017-09-18,0.93202807450939
2017-09-19,8.38825267058473
2017-09-20,-0.93202807450939
2017-09-21,0.93202807450939
2017-09-22,11.1843368941129
2017-09-25,9.3202807450939
2017-09-26,-0.93202807450939
2017-09-27,1.86405614901878
2017-09-28,0.93202807450939
2017-09-29,0.932028074509617
2017-10-02,11.1843368941127
2017-10-03,23.3007018627354
2017-10-04,-3.72811229803779
2017-10-05,-4.66014037254718
2017-10-06,5.59216844705657
2017-10-09,2.7960842235284
2017-10-10,4.66014037254695
2017-10-11,-0.93202807450939
2017-10-12,-24.2327299372446
2017-10-13,-6.52419652156573
2017-10-16,6.52419652156573
2017-10-17,13.9804211176411
2017-10-18,-7.45622459607534
2017-10-19,3.72811229803779
2017-10-20,1.88720254159762
2017-10-23,-5.66160762479331
2017-10-24,14.1540190619828
2017-10-25,-14.1540190619828
2017-10-26,21.7028292283737
2017-10-27,-19.8156266867759
2017-10-30,3.77440508319546
2017-10-31,16.0412216035804
2017-11-01,7.54881016639069
2017-11-02,6.60520889559189
2017-11-03,-5.66160762479308
2017-11-06,-2.83080381239665
2017-11-07,-16.0412216035802
2017-11-08,-9.43601270798854
2017-11-09,-1.88720254159784
2017-11-10,-2.83080381239643
2017-11-13,14.1540190619828
2017-11-14,-13.2104177911838
2017-11-15,-1.88720254159784
2017-11-16,3.77440508319523
2017-11-17,-12.8308038123964
2017-11-20,
2017-11-21,
2017-11-22,
2017-11-24,
2017-11-27,
2017-11-28,
2017-11-29,
2017-11-30,
2017-12-01,-16.6552088955925
2017-12-04,4.7180063539945
2017-12-05,-18.8720254159771
2017-12-06,-4.71800635399427
2017-12-07,14.1540190619828
2017-12-08,7.54881016639069
2017-12-11,-2.83080381239665
2017-12-12,1.88720254159784
2017-12-13,2.83080381239665
2017-12-14,-16.0412216035804
2017-12-15,11.3232152495859
2017-12-18,7.54881016639092
2017-12-19,2.83080381239643
2017-12-20,2.83080381239665
2017-12-21,-8.4924114371895
2017-12-22,-4.7180063539945
2017-12-26,1.88720254159784
2017-12-27,-9.43601270798854
2017-12-28,7.54881016639069
2017-12-29,-8.4924114371895
2018-01-02,16.0412216035804
2018-01-03,9.43601270798831
2018-01-04,20.7592279575747
2018-01-05,20.7592279575745
2018-01-08,-4.71800635399404
2018-01-09,-6.60520889559189
2018-01-10,-4.7180063539945
2018-01-11,12.2668165203852
2018-01-12,6.60520889559189
2018-01-16,-12.2668165203852
2018-01-17,-86.8113169134936
2018-01-18,-10.3796139787873
2018-01-19,-6.60520889559189
2018-01-22,1.88720254159784
2018-01-23,-5.66160762479308
2018-01-24,-1.5075885628105
2018-01-25,
2018-01-26,
2018-01-29,
2018-01-30,
2018-01-31,
2018-02-01,
2018-02-02,
2018-02-05,
2018-02-06,
2018-02-07,
2018-02-08,
2018-02-09,
2018-02-12,
2018-02-13,
2018-02-14,
2018-02-15,
2018-02-16,
2018-02-20,
2018-02-21,
2018-02-22,
2018-02-23,
2018-02-26,
2018-02-27,
2018-02-28,
2018-03-01,
2018-03-02,
2018-03-05,
2018-03-06,
2018-03-07,
2018-03-08,
2018-03-09,
2018-03-12,
2018-03-13,
2018-03-14,
2018-03-15,
2018-03-16,
2018-03-19,
2018-03-20,
2018-03-21,
2018-03-22,
2018-03-23,
2018-03-26,
2018-03-27,
2018-03-28,
2018-03-29,
2018-04-02,
2018-04-03,
2018-04-04,-2.40272709230953
2018-04-05,1.91181822692306
2018-04-06,-16.2504549288444
2018-04-09,6.6913637942298
2018-04-10,19.1181822692288
2018-04-11,-1.91181822692283
2018-04-12,-11.4709093615372
2018-04-13,-2.86772734038436
2018-04-16,9.55909113461462
2018-04-17,
2018-04-18,-4.77954556730742
2018-04-19,-21.3121561378707
2018-04-20,-13.5622811786454
2018-04-23,21.3121561378709
2018-04-24,-7.74987495922551
2018-04-25,14.5310155485481
2018-04-26,30.9994998369034
2018-04-27,5.81240621941947
2018-04-30,-24.2183592475808
2018-05-01,1.93746873980649
2018-05-02,-4.84367184951611
2018-05-03,-0.968734369903359
2018-05-04,15.4997499184517
2018-05-07,-1.93746873980649
2018-05-08,-6.7811405893226
2018-05-09,-20.3434217679678
2018-05-10,14.5310155485486
2018-05-11,-1.93746873980649
2018-05-14,-0.968734369903359
2018-05-15,3.87493747961321
2018-05-16,17.437218658258
2018-05-17,5.81240621941947
2018-05-18,-12.5935468087421
2018-05-21,17.4372186582582
2018-05-22,0.968734369903132
2018-05-23,-7.74987495922596
2018-05-24,17.4372186582582
2018-05-25,-10.6560780689354
2018-05-29,-6.78114058932283
2018-05-30,10.6560780689356
2018-05-31,
2018-06-01,15.4997499184519
2018-06-04,2.90620310970962
2018-06-05,8.71860932912887
2018-06-06,13.5622811786454
2018-06-07,5.81240621941924
2018-06-08,6.7811405893226
2018-06-11,-6.7811405893226
2018-06-12,7.74987495922574
2018-06-13,-8.71860932912887
2018-06-14,-12.5935468087421
2018-06-15,-0.968734369903132
2018-06-18,10.6560780689356
2018-06-19,-9.68734369903245
2018-06-20,-1.93746873980672
2018-06-21,-15.4997499184512
2018-06-22,-5.81240621941947
2018-06-25,-14.5310155485486
2018-06-26,1.93746873980649
2018-06-27,-9.68734369903223
2018-06-28,-13.5622811786452
2018-06-29,-30.343421767968
2018-07-02,
2018-07-03,
2018-07-05,
2018-07-06,
2018-07-09,
2018-07-10,
2018-07-11,
2018-07-12,
2018-07-13,
2018-07-16,
2018-07-17,
2018-07-18,
2018-07-19,
2018-07-20,
2018-07-23,
2018-07-24,
2018-07-25,
2018-07-26,
2018-07-27,
2018-07-30,
2018-07-31,
2018-08-01,
2018-08-02,
2018-08-03,
2018-08-06,
2018-08-07,
2018-08-08,
2018-08-09,
2018-08-10,
2018-08-13,
2018-08-14,
2018-08-15,
2018-08-16,
2018-08-17,
2018-08-20,
2018-08-21,
2018-08-22,
2018-08-23,
2018-08-24,
2018-08-27,
2018-08-28,
2018-08-29,
2018-08-30,
2018-08-31,
2018-09-04,
2018-09-05,
2018-09-06,
2018-09-07,
2018-09-10,
2018-09-11,
2018-09-12,
2018-09-13,
2018-09-14,
2018-09-17,
2018-09-18,
2018-09-19,
2018-09-20,
2018-09-21,
2018-09-24,
2018-09-25,
2018-09-26,
2018-09-27,
2018-09-28,
2018-10-01,
2018-10-02,
2018-10-03,
2018-10-04,
2018-10-05,
2018-10-08,
2018-10-09,
2018-10-10,
2018-10-11,
2018-10-12,
2018-10-15,
2018-10-16,
2018-10-17,
2018-10-18,
2018-10-19,
2018-10-22,
2018-10-23,
2018-10-24,
2018-10-25,
2018-10-26,
2018-10-29,
2018-10-30,
2018-10-31,
2018-11-01,
2018-11-02,
2018-11-05,-2.05000000000007
2018-11-06,1
2018-11-07,6.00000000000011
2018-11-08,-13.9999999999999
2018-11-09,-8
2018-11-12,10.9999999999999
2018-11-13,4.99999999999989
2018-11-14,
2018-11-15,-22.9999999999999
2018-11-16,-25.9999999999999
2018-11-19,19.9999999999999
2018-11-20,-19
2018-11-21,5
2018-11-23,2.00000000000011
2018-11-26,26.9999999999999
2018-11-27,-12.0000000000001
2018-11-28,13.0000000000001
2018-11-29,-4.00000000000011
2018-11-30,4.00000000000011
2018-12-03,19
2018-12-04,-42
2018-12-06,-16
2018-12-07,-30
2018-12-10,
2018-12-11,
2018-12-12,
2018-12-13,
2018-12-14,
2018-12-17,
2018-12-18,
2018-12-19,
2018-12-20,
2018-12-21,
2018-12-24,
2018-12-26,
2018-12-27,
2018-12-28,
2018-12-31,
